0.023197878;-0.028752095;-0.013269224;0.012037986;0.022201388;-0.000500463;-0.030243491;0.019930721;-0.024878993;0.006456952;0.087170857;0.040419456;-0.007546803;0.108676952;-0.011983592;0.019972231;0.009420245;-0.001378639;0.003324816;0.025418367;0.013251946;-0.020419048;-0.077454347;0.007882694;-0.007030973;
0.024843592;-0.029336585;-0.014100245;0.010805333;0.022333633;-0.002077605;-0.030553462;0.020136435;-0.026794095;0.004992463;0.087577388;0.040396599;-0.006467619;0.112205116;-0.00951502;0.020411415;0.009124735;-0.003130476;0.003370531;0.027824898;0.013036435;-0.024472925;-0.077167715;0.006870449;-0.006505259;
0.026363592;-0.029210054;-0.014766367;0.00957268;0.022865878;-0.003912707;-0.031191129;0.02050868;-0.029274095;0.003124707;0.087484327;0.040393333;-0.005417823;0.116040218;-0.00689951;0.021386109;0.009439837;-0.004843129;0.003710122;0.030518776;0.013459293;-0.02806966;-0.077562817;0.006152082;-0.006430156;
0.027857469;-0.028311823;-0.015375347;0.008398803;0.023850367;-0.006013932;-0.032196844;0.021027864;-0.032353279;0.000809605;0.087028816;0.040450476;-0.004503537;0.12013981;-0.004083184;0.022816313;0.010443918;-0.00645619;0.004330531;0.033405306;0.014554803;-0.031083537;-0.078542409;0.005822286;-0.006906891;
0.029387265;-0.026613592;-0.016034939;0.007340844;0.025301796;-0.008391075;-0.033615619;0.021690721;-0.036000626;-0.001928354;0.086390449;0.040631701;-0.003814558;0.124428789;-0.001000735;0.024579578;0.012123918;-0.007917415;0.005189306;0.036448571;0.01628868;-0.033478639;-0.079957919;0.005956163;-0.008061177;
0.030975837;-0.024121891;-0.01682351;0.006442884;0.027189143;-0.011060463;-0.035514395;0.022525007;-0.040124707;-0.004997741;0.085768408;0.040989252;-0.003435782;0.128820626;0.002406612;0.026525701;0.014363918;-0.009168027;0.00619502;0.039679592;0.018571129;-0.035284354;-0.081655878;0.006588;-0.010004034;
0.032601959;-0.020857673;-0.017772082;0.005729415;0.029445469;-0.014035156;-0.037965007;0.023587864;-0.044583483;-0.00825815;0.085345551;0.041555782;-0.003430884;0.133243483;0.006192735;0.028512639;0.016982694;-0.010141088;0.007207265;0.043162041;0.021258476;-0.036570884;-0.083499143;0.00764995;-0.012797503;
0.034211755;-0.016840803;-0.018877388;0.005208599;0.03198098;-0.017333116;-0.041014803;0.024956027;-0.049197361;-0.01154468;0.08525249;0.042324762;-0.003842313;0.137640218;0.010393551;0.030424476;0.019769633;-0.010782721;0.008031755;0.046961224;0.024171129;-0.037419864;-0.085391388;0.00896224;-0.016431789;
0.035739918;-0.012088694;-0.020118204;0.004865741;0.034692816;-0.020982095;-0.044671946;0.026701333;-0.053786748;-0.014705497;0.085546367;0.043239048;-0.004709252;0.141981442;0.015023755;0.032182844;0.022525551;-0.011063537;0.008462776;0.051104898;0.02711317;-0.037912925;-0.087252613;0.010231537;-0.02078934;
0.037111347;-0.006667197;-0.021461878;0.004669823;0.037491184;-0.025013116;-0.048882558;0.028864599;-0.058214503;-0.017629578;0.086205959;0.044190884;-0.006037687;0.146267156;0.020052327;0.033746925;0.025080653;-0.010991701;0.008320735;0.055565306;0.029895211;-0.038138231;-0.089020776;0.011064009;-0.025653014;
0.038254204;-0.000704204;-0.022890449;0.004583293;0.040305878;-0.02945883;-0.05351766;0.031439293;-0.06239083;-0.020266313;0.087136571;0.045036599;-0.007768844;0.15051532;0.02542049;0.03511019;0.027328816;-0.010630884;0.007479918;0.06025102;0.032345823;-0.038182313;-0.090632204;0.010996345;-0.030727299;
0.039106449;0.005597293;-0.024402286;0.004573497;0.043069959;-0.034350259;-0.058387864;0.034361741;-0.066299401;-0.022625497;0.088184735;0.04560966;-0.009780272;0.154745524;0.031033551;0.036287333;0.029224327;-0.010113333;0.005906041;0.065028163;0.034334395;-0.038123537;-0.092011796;0.009586458;-0.035667707;
0.039620735;0.011954299;-0.025990857;0.004629007;0.045706694;-0.039689034;-0.063259701;0.037516027;-0.069995728;-0.02476917;0.089161061;0.04574517;-0.01187932;0.158977361;0.03678702;0.037309374;0.030785143;-0.009617007;0.003667673;0.069736735;0.03578419;-0.038022313;-0.093068123;0.006491673;-0.040113422;
0.039766041;0.018013619;-0.027633306;0.004761252;0.04811649;-0.045435973;-0.067904599;0.040761741;-0.073576136;-0.026777333;0.089884327;0.045294558;-0.013824354;0.163209197;0.042574776;0.038208966;0.032103394;-0.009345986;0.000898694;0.074228163;0.03668868;-0.037898231;-0.09370649;0.001613669;-0.043741177;
0.039534204;0.023410082;-0.029274122;0.005002884;0.050155673;-0.051502912;-0.072136435;0.043955211;-0.077133687;-0.028726721;0.09021902;0.044146803;-0.015371565;0.167416544;0.048311918;0.039022027;0.033345376;-0.009494558;-0.002200082;0.078384898;0.037116435;-0.037728435;-0.093832204;-0.004890095;-0.046286483;
0.038938286;0.027793211;-0.030808816;0.005415946;0.051639755;-0.057744544;-0.075814803;0.046967456;-0.08074185;-0.030666313;0.090097116;0.042261088;-0.016289116;0.171552054;0.05393151;0.039786109;0.034722169;-0.010219456;-0.005398449;0.082128571;0.037204599;-0.037449252;-0.093375062;-0.012609642;-0.047573014;
0.038010939;0.030943687;-0.032100245;0.006083701;0.052376082;-0.063966585;-0.078848272;0.049705415;-0.084410422;-0.032612435;0.089569633;0.039674966;-0.016418095;0.175538993;0.059379673;0.040538762;0.036499429;-0.01159415;-0.008502122;0.085413469;0.037140925;-0.036977415;-0.092299143;-0.020914041;-0.047525667;
0.036801143;0.032794027;-0.032985143;0.00709268;0.052189959;-0.069937197;-0.081194395;0.052115211;-0.088082259;-0.034540599;0.088805007;0.036517415;-0.015695483;0.17926634;0.064569878;0.041309374;0.038977796;-0.013592517;-0.011346204;0.088221633;0.037149088;-0.036259048;-0.090614245;-0.029026875;-0.046172197;
0.035372571;0.033436748;-0.033290449;0.008534313;0.050954041;-0.075380463;-0.082814803;0.054165823;-0.091638177;-0.036401823;0.08808419;0.033017007;-0.014145442;0.182603483;0.069369878;0.042114272;0.042444851;-0.01605619;-0.013800082;0.090538367;0.037456027;-0.035302313;-0.088374245;-0.036183156;-0.043626891;
0.033790531;0.033126;-0.03287249;0.010490231;0.048625878;-0.080012299;-0.083657252;0.05583766;-0.094924707;-0.038124272;0.087782694;0.029475782;-0.01184449;0.185400218;0.073583755;0.04295019;0.047153889;-0.018723946;-0.015806612;0.092335918;0.038254395;-0.034182313;-0.085665674;-0.041736717;-0.040080769;
0.032113796;0.032246544;-0.031639837;0.013019211;0.045247918;-0.083558422;-0.083650721;0.057111129;-0.09778185;-0.039631211;0.088302694;0.026226803;-0.008901361;0.187504707;0.076953551;0.043789374;0.053202636;-0.021251293;-0.017333143;0.093568571;0.039679701;-0.033049252;-0.082596286;-0.045280844;-0.035762401;
0.030394612;0.031180966;-0.029546776;0.016144109;0.040924653;-0.085760871;-0.082713578;0.057961741;-0.100088789;-0.040827946;0.089988272;0.023594966;-0.005393878;0.188791238;0.079193551;0.044577946;0.060500595;-0.023257823;-0.018345388;0.094174286;0.041797252;-0.032081088;-0.079285266;-0.046659166;-0.030911789;
0.028673796;0.030279197;-0.026609633;0.01983717;0.035809551;-0.086405769;-0.08078215;0.058361741;-0.101770422;-0.041605088;0.093087864;0.021833333;-0.001367102;0.189181442;0.080057224;0.045245701;0.06876905;-0.024385986;-0.018838449;0.094079592;0.044592354;-0.031403537;-0.075840368;-0.045971637;-0.025760769;
0.026982367;0.029774163;-0.022895347;0.024010231;0.030070776;-0.085364136;-0.077842558;0.058283374;-0.10282185;-0.041838558;0.097644599;0.02107415;0.003190612;0.188660626;0.079413959;0.045722435;0.077547592;-0.024408844;-0.018792735;0.093222449;0.047976844;-0.031050884;-0.072357919;-0.043545152;-0.020513422;
0.025354612;0.029757293;-0.018493714;0.028527782;0.023861796;-0.08260332;-0.073947048;0.057716844;-0.103306748;-0.041417333;0.103489769;0.021310884;0.008279265;0.187297361;0.077304571;0.045954272;0.086221878;-0.023259456;-0.018160898;0.091568571;0.051815211;-0.030941497;-0.068924449;-0.039833224;-0.015336279;
0.023829714;0.030199741;-0.013502694;0.033211864;0.017329551;-0.078232707;-0.069238476;0.056688272;-0.103337769;-0.040253252;0.110280789;0.022393333;0.013868163;0.18523532;0.073964163;0.045926517;0.094172665;-0.021068435;-0.016905388;0.089116327;0.05594419;-0.030866395;-0.065603633;-0.035287737;-0.01036485;
0.022453388;0.030971986;-0.008013714;0.037869823;0.010606286;-0.072489034;-0.063943782;0.055259701;-0.103052054;-0.038321823;0.117536027;0.02406517;0.019858912;0.182672054;0.069797633;0.045673456;0.100800303;-0.018147619;-0.01498049;0.085903265;0.060200517;-0.030543129;-0.062434653;-0.03030361;-0.005705259;
0.021286041;0.031863415;-0.002083918;0.042335129;0.003814449;-0.065710259;-0.058338884;0.053525823;-0.10259981;-0.035676925;0.12472868;0.026022721;0.026082041;0.179831238;0.065332327;0.045278354;0.105699895;-0.014947619;-0.012338857;0.082006122;0.064440517;-0.02969415;-0.059433837;-0.025173633;-0.001444034;
0.020396245;0.032674844;0.004255673;0.046500027;-0.002905551;-0.05830781;-0.052714395;0.051617252;-0.102103483;-0.032467129;0.131410585;0.027968844;0.032281769;0.176926748;0.061116816;0.044860395;0.108698845;-0.011956599;-0.008988653;0.077539184;0.068554803;-0.028112109;-0.056578327;-0.02008302;0.00233719;
0.019850939;0.03325117;0.010995265;0.050333497;-0.00940351;-0.05070781;-0.047328272;0.049680925;-0.101641442;-0.028911211;0.137248136;0.029668435;0.038193932;0.174130014;0.057629469;0.044555088;0.109869924;-0.00959415;-0.004965796;0.072660816;0.072468272;-0.025720272;-0.05381098;-0.015103973;0.005563313;
0.019707265;0.033489537;0.018146286;0.053889415;-0.015542286;-0.043271075;-0.042358476;0.047863782;-0.10123981;-0.025257333;0.14207385;0.03099415;0.043562857;0.171560218;0.055195184;0.044493048;0.109524735;-0.00808917;-0.000335592;0.067573469;0.076145007;-0.022598639;-0.051063225;-0.010220163;0.008160864;
0.01999298;0.033370354;0.025713633;0.057293497;-0.021186367;-0.036265361;-0.03786317;0.046301333;-0.100864299;-0.021724272;0.145883102;0.031923129;0.048196218;0.169284299;0.053982122;0.044777129;0.108194122;-0.007428132;0.004790939;0.062522041;0.079563782;-0.018962721;-0.04826649;-0.00536302;0.01006617;
0.020699918;0.032954027;0.033672816;0.060709007;-0.026224735;-0.029832707;-0.03378317;0.045119293;-0.100426748;-0.018468762;0.148772898;0.032525578;0.051981361;0.167333279;0.054003347;0.045467741;0.106451382;-0.007337123;0.010291347;0.057792245;0.082706639;-0.015117823;-0.045406082;-0.000457442;0.011246578;
0.021790531;0.032353211;0.041971592;0.06429268;-0.030595347;-0.023999238;-0.029951741;0.04442868;-0.099812871;-0.015543048;0.150903238;0.032935374;0.054900544;0.165730014;0.055159265;0.046591551;0.104882869;-0.007312867;0.016066041;0.053681224;0.08554419;-0.011388844;-0.042552204;0.004565143;0.011718415;
0.02319298;0.031726272;0.050520163;0.068150639;-0.034288408;-0.018706177;-0.02613215;0.044337796;-0.09889532;-0.012886721;0.152433034;0.033309252;0.057008299;0.164503891;0.057299673;0.048146381;0.103984987;-0.00671415;0.022010531;0.050463265;0.088030721;-0.00804517;-0.03986649;0.009758612;0.011553517;
0.024809306;0.031264231;0.059194449;0.072315537;-0.037338204;-0.013839238;-0.022053578;0.044945687;-0.097561442;-0.010352844;0.153468;0.033797415;0.058415646;0.163687565;0.060302122;0.050109374;0.104121741;-0.004882313;0.028030122;0.048365306;0.09009766;-0.005235374;-0.037602;0.015152898;0.010887395;
0.026543184;0.031148313;0.067865469;0.076736762;-0.039816571;-0.00927434;-0.017464803;0.046355211;-0.095737769;-0.007752027;0.154065007;0.034528844;0.059242422;0.163308789;0.064080082;0.052457673;0.105514939;-0.001243596;0.03403502;0.047534286;0.091681333;-0.002962721;-0.036095062;0.020738204;0.00990617;
0.028309714;0.031548313;0.076433808;0.081298395;-0.041808408;-0.004920054;-0.012161129;0.048646367;-0.093391646;-0.004899782;0.154235347;0.035599864;0.059602585;0.163357769;0.068592735;0.055168422;0.108235483;0.00460662;0.039935429;0.048017551;0.09273766;-0.001090068;-0.035683633;0.026481878;0.008831884;
0.030045224;0.032593211;0.084845936;0.085850231;-0.043392082;-0.000722503;-0.006034599;0.051855075;-0.09052634;-0.001658966;0.153944735;0.037079048;0.05960585;0.163752871;0.073807429;0.05821332;0.11220215;0.012792696;0.045636653;0.04978702;0.093269905;0.000635646;-0.03663547;0.032313714;0.007898007;
0.031725224;0.034323823;0.093117073;0.090246966;-0.044598612;0.003334639;0.000917238;0.05593181;-0.087182667;0.002032463;0.153133306;0.039005578;0.059356054;0.16433083;0.079670286;0.061552095;0.117263374;0.023152533;0.051052163;0.052747347;0.093341741;0.002527891;-0.039051796;0.038125959;0.007313517;
0.033369306;0.036705864;0.101329551;0.094379211;-0.045393714;0.007249741;0.008594585;0.06073834;-0.083414503;0.006150014;0.151717252;0.041384354;0.058942993;0.164854912;0.086083347;0.06511019;0.123231537;0.035263693;0.056113388;0.056770204;0.09308215;0.00488381;-0.042833021;0.043796163;0.007236782;
0.03503298;0.039643007;0.10962302;0.098197986;-0.045674531;0.011014639;0.016814177;0.066023782;-0.079274095;0.010587565;0.149597524;0.044179456;0.058456463;0.165039401;0.092899673;0.068776041;0.129904735;0.04850381;0.060799102;0.061736735;0.092665823;0.007949932;-0.047665674;0.049200245;0.007765762;
0.03679951;0.042967088;0.118169784;0.101714721;-0.045294122;0.01462117;0.025335401;0.071462694;-0.074820218;0.015185116;0.146658204;0.047307619;0.057996054;0.16461981;0.099918449;0.072414136;0.137091401;0.062121769;0.065138694;0.067562041;0.09228868;0.011878095;-0.053058327;0.054222286;0.008924946;
0.038753796;0.04648219;0.127153574;0.104986558;-0.044089224;0.018075864;0.033910503;0.07668283;-0.070123075;0.019753279;0.142791537;0.050643129;0.057649932;0.163416544;0.106924163;0.075869374;0.144618068;0.075356987;0.069207265;0.074182776;0.092120517;0.016681361;-0.058402;0.058785551;0.010668619;
0.040969306;0.050013619;0.136664945;0.108088599;-0.041925959;0.021404844;0.042308054;0.08135766;-0.065261034;0.024107565;0.137935483;0.054035782;0.057488299;0.161378993;0.113701306;0.078994816;0.152335347;0.087486107;0.073107673;0.081557143;0.092277252;0.022251973;-0.063082817;0.062854122;0.012902088;
0.043493388;0.05341117;0.146684536;0.111077986;-0.038753714;0.024627701;0.050342952;0.085245551;-0.06033532;0.02808634;0.13211181;0.057330476;0.057553605;0.158605116;0.120044163;0.081687061;0.16011385;0.097953699;0.07693951;0.089606776;0.092804599;0.028402177;-0.066584857;0.066434531;0.015501272;
0.046335837;0.056578517;0.15706512;0.11396615;-0.034667184;0.027752599;0.057910299;0.088241469;-0.055465116;0.031572054;0.125457116;0.06040966;0.057850748;0.155330014;0.125753551;0.083899306;0.167837116;0.106404264;0.080756653;0.098203673;0.09367317;0.034870748;-0.068578327;0.069580653;0.018327395;
0.049465633;0.059476476;0.167520163;0.116704109;-0.029886776;0.030763211;0.064980503;0.09037698;-0.050767973;0.034504299;0.118248408;0.063224354;0.058351973;0.151858993;0.130635184;0.085648422;0.175390585;0.112693664;0.084537878;0.107157143;0.094794803;0.041357279;-0.068940776;0.072377388;0.021240048;
0.052825633;0.062103415;0.177638531;0.119187374;-0.02473249;0.03361219;0.071594381;0.091819156;-0.046345116;0.036874912;0.110868272;0.065810476;0.059013197;0.148507156;0.134507837;0.087010599;0.182660517;0.116889116;0.088185224;0.116208571;0.096056844;0.047562993;-0.067748395;0.074921061;0.024106986;
0.056334204;0.06448219;0.186976023;0.121275537;-0.019579837;0.036216272;0.077851728;0.092792762;-0.042265116;0.038703483;0.103785279;0.068288844;0.059777279;0.145525932;0.137239265;0.088101755;0.189535347;0.119259728;0.091550122;0.125036327;0.097354803;0.053195646;-0.065244994;0.077309633;0.026812293;
0.059904816;0.066647088;0.195062321;0.122836354;-0.014784735;0.038464435;0.08388132;0.093539429;-0.038544299;0.040032463;0.097464735;0.070842313;0.060600136;0.143052463;0.138769061;0.089055769;0.195916299;0.120157221;0.094470939;0.133329551;0.098618476;0.05796517;-0.061750572;0.079619837;0.029280864;
0.063454204;0.068606272;0.201519872;0.123786558;-0.010595347;0.04022117;0.089795605;0.094250177;-0.035158177;0.040902667;0.092296844;0.073666803;0.06146381;0.141098177;0.139151102;0.089993456;0.201726639;0.119977396;0.096810531;0.140812653;0.099828272;0.061596735;-0.057573701;0.081894122;0.031498007;
0.066913796;0.070348313;0.206098997;0.124127782;-0.007127592;0.041354231;0.095679279;0.095047456;-0.032056136;0.04133532;0.088551537;0.076933741;0.062378095;0.139581442;0.138586204;0.091002435;0.206928408;0.119098608;0.098495429;0.147274367;0.101010313;0.063817687;-0.052956014;0.084142286;0.033514333;
0.070231347;0.071850354;0.20869095;0.123962884;-0.004345551;0.041749333;0.101573973;0.09597317;-0.029176136;0.04133532;0.086353986;0.080744354;0.063380544;0.138347156;0.13742702;0.092128966;0.211536571;0.117852707;0.099524;0.152602041;0.10223317;0.06439619;-0.048058055;0.086330041;0.03545066;
0.073370939;0.073083007;0.20934751;0.123502476;-0.002100653;0.041329741;0.107484789;0.097005007;-0.02647083;0.040901034;0.085666095;0.085110068;0.064529932;0.137222259;0.136127429;0.09337468;0.215619837;0.11651034;0.099941959;0.156809388;0.103602422;0.063188571;-0.042980504;0.088380653;0.037494741;
0.076304816;0.07402668;0.208276082;0.123029007;-0.000177388;0.040074231;0.113388463;0.098080925;-0.023927156;0.040034095;0.086362694;0.089959048;0.065878503;0.13605981;0.135160898;0.094700395;0.21929249;0.115282585;0.099811347;0.160014286;0.105237796;0.060146939;-0.037812613;0.090189633;0.039839231;
0.07901502;0.074696068;0.205735499;0.122837986;0.001657714;0.03803015;0.119236626;0.099140517;-0.021561442;0.038767156;0.088252762;0.095155782;0.067457279;0.13475532;0.134917633;0.096037537;0.222703102;0.114316054;0.099184408;0.162422449;0.107255211;0.05532898;-0.032638191;0.091647592;0.04262617;
0.081481959;0.075135252;0.202030309;0.123174313;0.003590231;0.035305252;0.124970503;0.10013317;-0.019414503;0.037170422;0.091128952;0.100527211;0.069256463;0.133243483;0.135639265;0.097299578;0.226004735;0.113733197;0.098074204;0.164290531;0.109765687;0.048950748;-0.027564994;0.092661469;0.045901272;
0.083689306;0.075417701;0.197463662;0.124184925;0.005695265;0.032066068;0.130536218;0.101024599;-0.017540218;0.035345116;0.094816571;0.10590517;0.071217279;0.13150634;0.137363347;0.098403252;0.229325551;0.113646667;0.096474204;0.165882041;0.112857388;0.041343129;-0.022748123;0.093188816;0.049564946;
0.085628898;0.075641374;0.192304245;0.125882884;0.007928735;0.028523211;0.13589132;0.101798476;-0.015985932;0.03342185;0.099183918;0.111152517;0.073238503;0.129556952;0.139921714;0.099273456;0.232742694;0.114146259;0.094387673;0.167434694;0.116552082;0.032907755;-0.018355742;0.093255755;0.053367395;
0.087297469;0.075910762;0.186792816;0.128150639;0.01012556;0.02491015;0.140998259;0.102446639;-0.014785932;0.031541034;0.104137388;0.116177823;0.075192789;0.127444299;0.143002531;0.099851415;0.236262694;0.115282585;0.09187502;0.169111429;0.120787184;0.024075646;-0.014507579;0.092970041;0.056964129;
0.088696653;0.076318925;0.181134041;0.13077268;0.012019256;0.021465252;0.14583581;0.102962558;-0.01395981;0.029826748;0.109636163;0.120938639;0.076947891;0.125263075;0.146248245;0.100112639;0.239810449;0.117057279;0.08909298;0.170961224;0.125403782;0.015263129;-0.011248803;0.092501469;0.059968211;
0.089834612;0.076942599;0.175483429;0.13349268;0.013280027;0.018418721;0.150392544;0.103329905;-0.013509197;0.028376952;0.11565902;0.125433333;0.078394422;0.123148789;0.149329061;0.100073456;0.243248816;0.119409932;0.086319102;0.172956327;0.130155891;0.006812517;-0.00854132;0.092050857;0.062061272;
0.090714612;0.077825864;0.169963429;0.136075537;0.013589506;0.015979537;0.154681524;0.103529088;-0.013419401;0.027263483;0.122181469;0.129681497;0.079457279;0.121271238;0.152014776;0.099784476;0.246401469;0.122216463;0.083914204;0.17502;0.134734939;-0.001012789;-0.006281184;0.091807592;0.063101272;
0.09132849;0.078981782;0.164667102;0.138351456;0.012731637;0.014328925;0.158730503;0.10354215;-0.013665932;0.026527156;0.129169224;0.133702721;0.080102177;0.119836136;0.154212327;0.099337129;0.249092082;0.125318503;0.082294612;0.177066259;0.138825823;-0.008035918;-0.004344313;0.091920245;0.063143721;
0.091651755;0.08040219;0.159653224;0.140227374;0.010654358;0.013615456;0.162603156;0.103354395;-0.014211238;0.026194095;0.136558612;0.137500272;0.080335646;0.119047565;0.155967429;0.098852231;0.25118351;0.128554422;0.081832571;0.179061905;0.142164054;-0.014134966;-0.002618055;0.092463918;0.062436782;
0.091640327;0.082067497;0.154951184;0.141691864;0.007506603;0.013953415;0.166384381;0.102952762;-0.01500634;0.026287156;0.144246776;0.141051293;0.080187075;0.119065524;0.157436816;0.098465293;0.252615347;0.131791973;0.082782776;0.181083673;0.144621197;-0.019220136;-0.001055062;0.093440245;0.061393517;
0.091241959;0.083954844;0.150549551;0.142792272;0.003654449;0.015422803;0.170180299;0.102332354;-0.015984299;0.026840626;0.152078612;0.14430517;0.079692381;0.119981442;0.158831102;0.098308558;0.253412082;0.134956054;0.085230122;0.183291565;0.146245687;-0.023211429;0.000308204;0.094798612;0.060475966;
0.090410939;0.086056068;0.146412408;0.143593905;-0.000360971;0.018062803;0.174097034;0.101491537;-0.017060218;0.027900218;0.15984351;0.147193333;0.07888585;0.121793687;0.160356;0.09848815;0.253684735;0.138036871;0.089084816;0.185910884;0.147250857;-0.026063129;0.001377591;0.096462286;0.060089027;
0.089124408;0.088372803;0.142494041;0.144145741;-0.00389639;0.02187015;0.17824234;0.100431946;-0.018139401;0.029524707;0.167281878;0.149642313;0.077796871;0.124396136;0.162174776;0.099064476;0.253606367;0.141073605;0.094080735;0.189143537;0.147980109;-0.027783946;0.002055143;0.098351265;0.06052168;
0.087405224;0.090918109;0.138765061;0.144483701;-0.006336299;0.026802395;0.182694585;0.099151946;-0.019118993;0.031769605;0.174112898;0.151591701;0.076453197;0.127599401;0.16438049;0.100047333;0.253379429;0.144133197;0.099861959;0.193112517;0.148854667;-0.028461497;0.00226902;0.100401878;0.061896374;
0.085336653;0.093709946;0.135220571;0.144632272;-0.007196889;0.032773007;0.187512544;0.097649905;-0.019887973;0.034678993;0.180049224;0.153012109;0.074897279;0.131148789;0.16697151;0.101384476;0.253191673;0.147271156;0.106038286;0.197782449;0.150264735;-0.028293333;0.002012694;0.102560245;0.064172293;
0.083055837;0.096758109;0.131881796;0.144619211;-0.00617463;0.039653007;0.192720707;0.095929088;-0.020345116;0.038262667;0.184865551;0.153910068;0.073187891;0.134758585;0.169867837;0.102973048;0.253185143;0.150495646;0.112255429;0.202958503;0.152476435;-0.027594558;0.001349836;0.104775755;0.067187803;
0.080739102;0.10005117;0.128787918;0.144482068;-0.003175664;0.047280762;0.198310912;0.093996027;-0.020407156;0.042489605;0.188454122;0.154321497;0.071403401;0.138159401;0.172924163;0.104680803;0.253431673;0.15375932;0.118237469;0.208288027;0.155596435;-0.026747211;0.000409428;0.107001061;0.070701272;
0.078577469;0.103554844;0.12598302;0.14428615;0.001690549;0.055471782;0.20423581;0.091863782;-0.020008789;0.047276544;0.190860653;0.154303537;0.069627075;0.141117769;0.175947837;0.106368966;0.253931265;0.15696585;0.123811347;0.213379184;0.15956215;-0.026159456;-0.000663225;0.109180653;0.074461272;
0.076740735;0.10720219;0.123485061;0.144106558;0.008195401;0.064021986;0.210415401;0.089565007;-0.019117361;0.052496136;0.192274531;0.153910068;0.067929116;0.143447565;0.17872498;0.107915088;0.254628408;0.159979728;0.128888898;0.217867891;0.164171129;-0.026182313;-0.001737511;0.111273714;0.078273517;
0.075346449;0.110901782;0.121266286;0.144010231;0.016064063;0.072720762;0.21672234;0.08714868;-0.017732871;0.057991646;0.193027184;0.153170476;0.066334014;0.145036136;0.181053143;0.109231007;0.255439837;0.162657279;0.133461959;0.221520136;0.169129497;-0.027014966;-0.002726898;0.113290041;0.082009027;
0.074446857;0.11455566;0.11925649;0.144024925;0.025006249;0.081362395;0.222999891;0.084678476;-0.015889605;0.063603075;0.193536571;0.152083129;0.064801605;0.145836136;0.182756;0.110266109;0.25627902;0.164880952;0.137568082;0.224276054;0.174115619;-0.028680272;-0.003597102;0.115298204;0.085615558;
0.074022367;0.118074027;0.117346286;0.144134313;0.034712952;0.089762395;0.229065197;0.082239293;-0.013657769;0.069186748;0.194261469;0.150617007;0.063215646;0.145855728;0.183712735;0.111008966;0.257082286;0.166575646;0.141264408;0.226276599;0.17884215;-0.031032925;-0.004354653;0.117428816;0.089127395;
0.07399298;0.121393211;0.115409959;0.144274721;0.044842585;0.09776566;0.234725605;0.079930721;-0.011132054;0.074651238;0.195590449;0.148724762;0.061401769;0.145160218;0.183867837;0.111475905;0.25782351;0.167716871;0.144616245;0.227784082;0.183101741;-0.033782313;-0.005004449;0.119864735;0.092618007;
0.074244408;0.124473483;0.113339755;0.144364517;0.055026422;0.105267701;0.239808054;0.077865415;-0.00841532;0.079973687;0.197801061;0.146375374;0.059153605;0.143855728;0.183227837;0.11169468;0.258505959;0.168335646;0.147695429;0.229131565;0.186771946;-0.036587211;-0.00554649;0.122782286;0.096147803;
0.074654204;0.127267587;0.111081796;0.144320435;0.064853905;0.11222117;0.244190095;0.076167456;-0.005625116;0.085193279;0.20104351;0.143581905;0.056273605;0.142079401;0.181848245;0.111693048;0.259144327;0.168508707;0.150573796;0.230621088;0.189818476;-0.039147211;-0.005969347;0.126308816;0.09974617;
0.07511298;0.129717474;0.108650776;0.144096762;0.073888463;0.118639129;0.247806422;0.074956027;-0.002880626;0.090403075;0.205343918;0.140419456;0.052632136;0.140009197;0.179817224;0.111488966;0.259754939;0.168347075;0.153318286;0.23246;0.19228215;-0.041253333;-0.006251796;0.130493306;0.10337719;
0.075544;0.131741238;0.106144653;0.14370819;0.081711592;0.124580354;0.250673361;0.074337252;-0.000297769;0.095732054;0.210592898;0.137036599;0.048209932;0.137852463;0.177234367;0.111087333;0.260337796;0.167987891;0.155987673;0.234716327;0.194270721;-0.042822313;-0.006393837;0.13528351;0.106926578;
0.075904816;0.13320863;0.103725061;0.143223293;0.088023864;0.130128109;0.252883973;0.074399293;0.002001007;0.101309197;0.216622286;0.13364068;0.043132707;0.135837769;0.174196;0.110481619;0.26086351;0.16757483;0.158616245;0.23731551;0.195939293;-0.043883537;-0.00645098;0.140550449;0.110221272;
0.076184;0.133941601;0.101596082;0.142733497;0.092713497;0.135354231;0.254580299;0.075178068;0.003886721;0.107242259;0.223228;0.13046517;0.037667891;0.134211646;0.170773959;0.109660395;0.261279837;0.167240136;0.161205633;0.240066531;0.197470721;-0.044530068;-0.006535878;0.146142286;0.113053925;
0.076389714;0.133732712;0.099974857;0.142336762;0.09586419;0.140306068;0.255920707;0.076647456;0.005238558;0.113604707;0.230201061;0.127733741;0.032198503;0.133220626;0.16702049;0.108617129;0.261532898;0.167098095;0.163718286;0.242729388;0.199067456;-0.044877823;-0.006813429;0.151915347;0.115238415;
0.076538286;0.132414163;0.099065469;0.14210166;0.097732816;0.144973823;0.257053769;0.078725823;0.005955293;0.120419401;0.237304735;0.125625986;0.027160136;0.133094912;0.162986204;0.107363252;0.261581878;0.16723034;0.166082367;0.24505102;0.200930313;-0.045016599;-0.007455062;0.157768408;0.116684946;
0.076646041;0.129943596;0.099032816;0.142041252;0.098732;0.149280762;0.258077442;0.081264599;0.005976517;0.127666748;0.244266367;0.124248027;0.023000136;0.134022259;0.158734776;0.105931415;0.261425143;0.167669524;0.168204816;0.246815918;0.203207864;-0.04497415;-0.008583225;0.16365249;0.11740168;
0.076729306;0.126426952;0.100002612;0.142117986;0.099302884;0.153102803;0.259030912;0.084039701;0.005312027;0.135296136;0.250787184;0.123625986;0.020057769;0.136116952;0.154357633;0.104378762;0.26110351;0.168407483;0.170004;0.247886939;0.205971946;-0.04473415;-0.010246898;0.169548;0.117502905;
0.076801143;0.1221299;0.102049959;0.142263293;0.099795946;0.156299537;0.25989785;0.086749361;0.004051619;0.143225932;0.256570041;0.123712517;0.018523401;0.13940185;0.149990286;0.102782027;0.26069698;0.169401769;0.171426041;0.248208571;0.209206231;-0.044267211;-0.012385674;0.175430449;0.117207395;
0.076874612;0.117481102;0.105196082;0.142400435;0.100410694;0.158738721;0.260621116;0.089032082;0.002366721;0.151356544;0.261304735;0.124406395;0.018409769;0.143805116;0.145807429;0.101234272;0.260316571;0.170587075;0.172462776;0.247800408;0.212786639;-0.043555374;-0.014808531;0.181244327;0.116769844;
0.076961143;0.113003188;0.109403429;0.142473905;0.101168463;0.160348517;0.261128871;0.090500925;0.000487537;0.159583483;0.264730041;0.125581905;0.019553605;0.149158585;0.142016408;0.099825293;0.260081469;0.171893197;0.173156653;0.246744082;0.216500925;-0.042618231;-0.017252613;0.186875347;0.116399231;
0.077072163;0.109233483;0.114574041;0.142467374;0.101928735;0.161133823;0.261375401;0.090774531;-0.001334503;0.167794095;0.266681061;0.127114966;0.021628707;0.155222259;0.138818041;0.098628558;0.260079837;0.173261361;0.173594204;0.245153878;0.220092762;-0.041524354;-0.019456694;0.19216351;0.116245762;
0.077212571;0.106610444;0.120551184;0.142403701;0.102434857;0.161173007;0.261357442;0.089492218;-0.002880626;0.175867565;0.267097388;0.128899456;0.024262177;0.16171532;0.136369061;0.097693048;0.260370449;0.174647483;0.173873388;0.243162041;0.22329766;-0.040371701;-0.021206898;0.19693249;0.116368211;
0.077377469;0.105412803;0.127137306;0.142335129;0.10236302;0.160611374;0.26112234;0.086361878;-0.003997361;0.183681442;0.266018204;0.130857007;0.027075238;0.168373279;0.134767429;0.097043252;0.260982694;0.176028707;0.174079102;0.240902449;0.225890313;-0.039259864;-0.022400368;0.201022286;0.116740456;
0.077557061;0.105736703;0.134107102;0.142323701;0.101411184;0.159628517;0.260769687;0.081259293;-0.004629197;0.191111646;0.263569224;0.132940272;0.029778259;0.174983891;0.134036;0.096677537;0.261911673;0.17739034;0.17426849;0.238492653;0.227736844;-0.038259048;-0.023081184;0.204315347;0.11729066;
0.077749714;0.107489175;0.141246694;0.142415129;0.099380163;0.158390966;0.260430095;0.074310449;-0.004813687;0.198032463;0.259921878;0.135116599;0.032220544;0.181414912;0.134098041;0.096587741;0.263134531;0.178716054;0.174467673;0.23603551;0.228804599;-0.037388844;-0.023417511;0.206770857;0.117943721;
0.077966857;0.110414254;0.148386286;0.142630639;0.096188327;0.157030966;0.260232544;0.065873578;-0.004658585;0.204318177;0.255268816;0.137354966;0.034400136;0.187627156;0.134798449;0.096770599;0.264633306;0.179981361;0.174676653;0.233620816;0.22916215;-0.036616599;-0.023654245;0.208428;0.118649027;
0.078246041;0.114190218;0.155414857;0.142970231;0.091881388;0.155625252;0.260278259;0.056530993;-0.004296136;0.209847973;0.249784735;0.139621088;0.036442585;0.193682667;0.135928245;0.097237537;0.266398204;0.181153605;0.174897061;0.23131551;0.228959701;-0.035880272;-0.024046082;0.209396163;0.119418007;
0.078659102;0.118483914;0.162281796;0.143419211;0.086637306;0.154177088;0.260619483;0.047064599;-0.003850422;0.214507565;0.243601878;0.141879048;0.038589524;0.199700626;0.137247429;0.098009782;0.268425959;0.182191973;0.17515502;0.229170204;0.228388272;-0.035112925;-0.024782409;0.209832082;0.12030617;
0.079307265;0.123020331;0.168995265;0.143957986;0.080735265;0.152629333;0.261244789;0.038337796;-0.003398177;0.218197361;0.236829633;0.144088027;0.041095646;0.205816544;0.138519265;0.099102027;0.270706776;0.183054014;0.175512571;0.227219184;0.227627456;-0.03428517;-0.025962817;0.209920245;0.121385354;
0.080301551;0.127598925;0.175587918;0.144586558;0.074503429;0.150884027;0.262090503;0.031165823;-0.002963891;0.220845524;0.229569224;0.146210476;0.044207347;0.212123483;0.139542939;0.100501211;0.273206367;0.18370381;0.176061143;0.225465714;0.226819293;-0.033441088;-0.027592204;0.209851673;0.122717599;
0.081739918;0.132080558;0.18208751;0.145321252;0.068279755;0.148831782;0.263047238;0.02617385;-0.002524707;0.222417769;0.221913714;0.148220272;0.048126803;0.218631238;0.140182939;0.10215019;0.27582281;0.184120136;0.176892163;0.223878776;0.226040517;-0.032711293;-0.029582409;0.209799429;0.124324129;
0.083684408;0.136394027;0.188489143;0.14618819;0.062377714;0.146386068;0.263982748;0.023689497;-0.00203981;0.222932054;0.213962694;0.150109252;0.052966259;0.225232054;0.140396816;0.10392815;0.278376746;0.184298095;0.178069306;0.222391429;0.225294395;-0.032296599;-0.031801184;0.209884327;0.126152701;
0.086143184;0.140524639;0.194748735;0.147211864;0.057058531;0.143512599;0.264772952;0.023744463;-0.001473279;0.222471646;0.205830449;0.151879048;0.058744762;0.231705524;0.140233551;0.105660395;0.280611382;0.184247483;0.179604;0.220889388;0.224518884;-0.032446803;-0.034134245;0.21016351;0.128089027;
0.089060735;0.14448219;0.200794449;0.148398803;0.05251649;0.140239129;0.265332952;0.026088408;-0.000820218;0.22117532;0.197628;0.153531293;0.065429796;0.237734912;0.139810694;0.107152639;0.282215347;0.183996054;0.181429306;0.219219184;0.223616027;-0.033403537;-0.036501592;0.210628816;0.129987803;
0.092324408;0.148302599;0.206549551;0.149711456;0.04886751;0.136663619;0.265628463;0.030216707;-0.000111646;0.219224299;0.189454939;0.155059456;0.072930068;0.24297083;0.139293143;0.108222027;0.282852082;0.183582993;0.183409714;0.21720449;0.222469905;-0.035348027;-0.038857511;0.211200245;0.131687395;
0.095787265;0.152057992;0.211950367;0.151077986;0.046163837;0.132942803;0.265692136;0.035538476;0.000587129;0.216829197;0.181394531;0.15644068;0.081106259;0.247093279;0.138844163;0.108731415;0.282216047;0.183060544;0.185378694;0.214665714;0.220998884;-0.038357007;-0.041182409;0.211737388;0.133034333;
0.099294204;0.155845281;0.216970776;0.15239717;0.044407102;0.129266068;0.265620299;0.041513442;0.001201007;0.214197361;0.173508816;0.157629252;0.089713741;0.249868789;0.138573143;0.108625293;0.28004905;0.182500544;0.18717298;0.211454286;0.219194803;-0.042381497;-0.043440368;0.21207698;0.133920864;
0.102711347;0.15980738;0.221627102;0.153556354;0.043558122;0.125816272;0.265561524;0.047709633;0.001666313;0.211503483;0.165845143;0.158561497;0.098414014;0.25118634;0.138504571;0.107939578;0.276277854;0.18200585;0.18866849;0.207485306;0.217134803;-0.047238639;-0.045544857;0.21207698;0.134294741;
0.105945633;0.16412668;0.225963429;0.154459211;0.043525469;0.122743619;0.265679075;0.053837252;0.001958558;0.208874912;0.158444327;0.159168844;0.106791837;0.251086748;0.138563347;0.106786925;0.271022344;0.18170381;0.189811347;0.202752245;0.21497317;-0.052645986;-0.04735547;0.211644327;0.134147803;
0.10895298;0.169000558;0.230023837;0.155058395;0.044176898;0.120137905;0.266116626;0.059740517;0.002105497;0.20638185;0.15133902;0.159403946;0.114356871;0.249741442;0.138569878;0.105332231;0.264593889;0.181744626;0.190622776;0.197333469;0.212944599;-0.058252517;-0.048689347;0.210757796;0.133533925;
0.111733388;0.17460843;0.233829551;0.155360435;0.045332816;0.118015456;0.266965605;0.065371537;0.002190395;0.204038993;0.144566776;0.159260272;0.12055415;0.247418177;0.138279265;0.103761619;0.257471401;0.182285034;0.191194204;0.19137102;0.211326639;-0.063685986;-0.049357102;0.209490857;0.132564129;
0.114316245;0.181105223;0.23736751;0.155430639;0.046774449;0.11632566;0.268234177;0.07075766;0.002345497;0.201820218;0.138178204;0.158777007;0.124886667;0.244430422;0.137422122;0.102257946;0.250280653;0.183450748;0.191651347;0.185029796;0.210360925;-0.068598639;-0.049224857;0.208014939;0.131390252;
0.116730939;0.188524989;0.240578939;0.155375129;0.048247102;0.114980354;0.269822748;0.075941333;0.002732435;0.199673279;0.132225551;0.158043946;0.127001224;0.241088381;0.135745388;0.100984476;0.24364905;0.185289116;0.19211502;0.178461633;0.210198884;-0.072701497;-0.048248531;0.206565143;0.13020168;
0.118988898;0.196749724;0.243365878;0.155314721;0.049504245;0.113883211;0.271545197;0.080941333;0.003509578;0.197544299;0.126764327;0.157201497;0.126798503;0.237658177;0.133062939;0.100071823;0.238192568;0.187746259;0.19266849;0.171766122;0.210859293;-0.075767619;-0.046478735;0.205404327;0.129200864;
0.121070531;0.205512628;0.245623837;0.155353905;0.050335265;0.112967293;0.273159891;0.085756027;0.00480917;0.195392463;0.121845143;0.15640966;0.124441224;0.234348789;0.129298041;0.099621211;0.234363452;0.190644218;0.193336245;0.164959592;0.212201333;-0.077646803;-0.044054245;0.204792082;0.128569027;
0.122917061;0.214404639;0.247269551;0.155559619;0.050601388;0.112211374;0.274413769;0.090358476;0.006712844;0.193191646;0.117495755;0.155823537;0.120352517;0.231295728;0.124488245;0.099711007;0.232426814;0.193695646;0.194064408;0.158012653;0.213950721;-0.078267211;-0.041153347;0.20493249;0.128456374;
0.124438694;0.222897293;0.248258939;0.155940027;0.050245469;0.111648109;0.27509785;0.094708952;0.009228762;0.190933687;0.113709633;0.155570476;0.115184898;0.228582259;0.118803347;0.100386925;0.232432334;0.196542993;0.194730531;0.150882857;0.215755619;-0.077619048;-0.037941592;0.205938204;0.128942905;
0.125539102;0.230435835;0.248608327;0.156451048;0.049300163;0.111350966;0.27509132;0.09874868;0.01228019;0.188633279;0.110442694;0.155727211;0.109727891;0.226255728;0.112524163;0.101650599;0.234220789;0.198812381;0.195164816;0.143565306;0.217227456;-0.075759456;-0.034529347;0.207817388;0.129997599;
0.126131755;0.236491188;0.248386286;0.157019211;0.047860163;0.111413007;0.274376218;0.102389497;0.015694068;0.18631981;0.10760351;0.156301905;0.104695918;0.224337361;0.105996816;0.103461211;0.237393905;0.200195238;0.195186041;0.136143265;0.21808215;-0.072827211;-0.030942409;0.210496571;0.131507803;
0.126162776;0.24068429;0.247695673;0.157562884;0.046052816;0.111912599;0.273040707;0.105512218;0.019213252;0.184038993;0.105074531;0.157239048;0.100637007;0.222823891;0.099588653;0.105733864;0.241460672;0.200529932;0.194626041;0.128809388;0.218183374;-0.069034558;-0.027107306;0.213878975;0.133293925;
0.125630531;0.242862546;0.246652408;0.158008599;0.04398751;0.11289219;0.271244789;0.107982966;0.02252917;0.181854503;0.102725143;0.158417823;0.097881769;0.221703891;0.093640898;0.108346109;0.245856941;0.199813197;0.193364;0.121833061;0.217534395;-0.064657415;-0.022914327;0.217872263;0.135132293;
0.124579102;0.243100849;0.245354449;0.158320435;0.041724653;0.11433219;0.26917785;0.10967385;0.025307946;0.179843075;0.100436163;0.159678231;0.096515646;0.220944707;0.088382122;0.111157537;0.250024482;0.198208299;0.191352571;0.11554898;0.216276844;-0.060030476;-0.018258327;0.222404871;0.136807395;
0.123085224;0.241688517;0.243863837;0.15850819;0.039269143;0.116154231;0.267022748;0.110530177;0.027221415;0.178092871;0.098124327;0.160845578;0.096380544;0.220503891;0.083916816;0.114035905;0.253439837;0.196025442;0.188624408;0.110241224;0.214654803;-0.055491701;-0.013093592;0.227504372;0.138159231;
0.121241959;0.239108517;0.242209959;0.158615946;0.036573633;0.118224435;0.264921524;0.110601469;0.028026313;0.176693687;0.095761878;0.161754966;0.097167891;0.220325932;0.080233551;0.116903932;0.25568985;0.193646667;0.185287265;0.10609102;0.212889905;-0.051344762;-0.007456694;0.233305642;0.139091476;
0.119132571;0.235913123;0.240386286;0.158713905;0.033559755;0.120369741;0.262950912;0.110065415;0.027592844;0.175714095;0.093374939;0.162270884;0.098496871;0.22035532;0.077224571;0.119752367;0.256494531;0.19144585;0.181507673;0.103140816;0.211160109;-0.047821497;-0.001489347;0.23998927;0.139589435;
0.116806041;0.23261408;0.238371592;0.158882068;0.030167102;0.122407293;0.261135401;0.109246912;0.02592917;0.175190014;0.091045143;0.162314966;0.100024218;0.220541442;0.074734776;0.122638354;0.255793469;0.189739728;0.17746849;0.101282857;0.209537252;-0.045039456;0.004595551;0.247714531;0.13969066;
0.114273796;0.229613123;0.236156082;0.159184109;0.026394041;0.124183619;0.259460299;0.108576435;0.023189578;0.175113279;0.088881878;0.161862721;0.101501769;0.220856544;0.072648245;0.125682163;0.253706503;0.188742177;0.173342776;0.100264082;0.207989905;-0.042992109;0.010525347;0.256539202;0.139468619;
0.111501551;0.227163864;0.233749551;0.159660844;0.022317306;0.125594231;0.25789132;0.108498884;0.019649986;0.175413687;0.087001061;0.160948435;0.102771565;0.221282667;0.070909469;0.129049238;0.250514122;0.188542449;0.169269306;0.099787347;0.206437252;-0.041586395;0.016044694;0.266360789;0.139019639;
0.108427265;0.225355048;0.231186286;0.160322068;0.018106694;0.126613007;0.256394177;0.109407728;0.01564019;0.175968789;0.085505551;0.159652109;0.103774014;0.221821442;0.069549469;0.13289849;0.246607184;0.189093197;0.165324816;0.099534286;0.204786639;-0.040652517;0.02093351;0.276896934;0.138438415;
0.104977469;0.224135048;0.228526694;0.161144925;0.014000571;0.127306884;0.254949279;0.111544871;0.011519374;0.176625116;0.084480245;0.158081497;0.104552789;0.222479401;0.068676;0.137335497;0.242447184;0.190193333;0.161525633;0.099242041;0.202949905;-0.039997823;0.025026245;0.287670721;0.13779515;
0.101091755;0.223341986;0.225839347;0.162095129;0.010260163;0.127824435;0.253550095;0.114958204;0.007566721;0.177212871;0.08399698;0.15635415;0.105186259;0.223264707;0.068416408;0.142361347;0.238451102;0.191527211;0.157848898;0.098722857;0.200910721;-0.039467211;0.028211877;0.29807444;0.137145354;
0.096737469;0.22277219;0.223194449;0.163143293;0.007105878;0.12838117;0.252203156;0.119512762;0.003958558;0.177573687;0.084122694;0.154587619;0.105764218;0.224169197;0.068857224;0.147867741;0.234951673;0.192695646;0.154247265;0.09786898;0.198716435;-0.038959456;0.030463306;0.307470993;0.136526578;
0.091935837;0.222239088;0.220654041;0.164266558;0.004660163;0.129221986;0.250921524;0.124916299;0.000768354;0.177586748;0.084922694;0.152871701;0.106414014;0.225168381;0.070027837;0.153638626;0.232147102;0.19323932;0.150686449;0.096631429;0.196455211;-0.038432109;0.031798816;0.315288771;0.135958415;
0.086753796;0.221590966;0.218267102;0.165463293;0.002906694;0.13056566;0.249721524;0.130791129;-0.002025932;0.177173687;0.086472082;0.151268435;0.107267891;0.226218177;0.071861306;0.159366517;0.230099429;0.192710884;0.14717298;0.095021633;0.194238068;-0.03790966;0.032288612;0.321096844;0.135447395;
0.081305633;0.22070219;0.216077714;0.166743293;0.001680571;0.132560762;0.248616218;0.136776435;-0.004527156;0.176298585;0.088821469;0.149808844;0.108461361;0.227267973;0.074202531;0.164704204;0.228744327;0.190773741;0.143770531;0.093064082;0.192172762;-0.037444354;0.032047306;0.324649043;0.134986986;
0.075726857;0.21948566;0.214126694;0.168111456;0.000696082;0.135259537;0.247615401;0.142570177;-0.006819401;0.174964707;0.091946367;0.148491293;0.110154422;0.228254095;0.076862122;0.169322435;0.227949224;0.187250476;0.140601551;0.090802857;0.190336027;-0.037089368;0.031238816;0.325905188;0.134572293;
0.07015951;0.217873211;0.212438531;0.169557986;-0.000371673;0.138586884;0.246725605;0.147955483;-0.008954912;0.173194912;0.095724327;0.147292925;0.112516871;0.229107973;0.079650694;0.172982299;0.227555755;0.18220449;0.137832571;0.088288571;0.188773578;-0.036885053;0.030056775;0.325022921;0.134206578;
0.064714068;0.21581117;0.21101649;0.171048599;-0.001813306;0.142358313;0.245950095;0.152806095;-0.010907565;0.171036544;0.099926776;0.146190884;0.115659728;0.229759401;0.082396816;0.175564068;0.22743951;0.17594;0.135631755;0.085588163;0.187505007;-0.036835374;0.028714734;0.322275891;0.133904537;
0.059447311;0.213262599;0.209827918;0.172511456;-0.003800245;0.146315864;0.245292136;0.157049905;-0.012576952;0.16855981;0.104223918;0.145168844;0.11963034;0.230136544;0.084978041;0.177062299;0.227532898;0.168948435;0.134137878;0.082781633;0.18652868;-0.036910476;0.027392285;0.317994893;0.133702088;
0.05434273;0.210207905;0.208787918;0.173863293;-0.006324327;0.150170558;0.244753361;0.160634667;-0.013814503;0.165844707;0.108248408;0.144243129;0.124361769;0.230169197;0.087309469;0.177572367;0.227820245;0.161859456;0.133426041;0.079973469;0.185836435;-0.037068844;0.026218408;0.312525324;0.133662905;
0.049325224;0.206651986;0.20776098;0.175025741;-0.009189633;0.153648109;0.244337034;0.163492898;-0.014465932;0.162972871;0.111681878;0.143467619;0.129661361;0.229796952;0.089327429;0.177272503;0.228310041;0.155313061;0.13349298;0.077276327;0.185418476;-0.0372531;0.025250245;0.30619834;0.13385719;
0.044269079;0.202637293;0.206574041;0.17594819;-0.012050041;0.156534639;0.244054585;0.16552419;-0.014429469;0.16000117;0.114326776;0.142919048;0.135222177;0.228977361;0.091004163;0.176333456;0.229026776;0.149824082;0.134250531;0.074806122;0.185266639;-0.037403771;0.024461673;0.299324327;0.134356782;
0.039049669;0.198240558;0.20504751;0.176632272;-0.014469633;0.158691374;0.243923973;0.166606639;-0.01370566;0.15694049;0.116161878;0.142682313;0.140671973;0.227705524;0.092354367;0.174891279;0.22998351;0.145742449;0.135541959;0.072660816;0.18538419;-0.037479339;0.023753102;0.292179837;0.135213925;
0.033595519;0.193572803;0.203039347;0.17714819;-0.016046776;0.160059537;0.243963156;0.166632762;-0.012413687;0.153747565;0.117350449;0.142827619;0.145604218;0.226025524;0.093436816;0.173025429;0.231149224;0.143205034;0.137168082;0.070925306;0.185787456;-0.037451817;0.023000449;0.284989633;0.136440048;
0.027929125;0.188758109;0.20048098;0.177620027;-0.016474531;0.160647293;0.244201524;0.165529088;-0.010788653;0.150303755;0.118186367;0.143361497;0.149715238;0.224027156;0.094377224;0.170772231;0.23245698;0.142129116;0.138906857;0.06966;0.186491129;-0.03730068;0.022074734;0.277951265;0.138005762;
0.022185088;0.183904231;0.197390367;0.178214313;-0.015586367;0.160500354;0.244670095;0.163280925;-0.00914566;0.146408517;0.119010857;0.144212109;0.152848299;0.221852463;0.095374776;0.168154272;0.233810449;0.142319592;0.140526449;0.068913878;0.187511537;-0.03702243;0.020891061;0.271239429;0.139845762;
0.016608671;0.179097701;0.193872;0.179104109;-0.013385551;0.159679129;0.245390095;0.159947048;-0.007803619;0.141822122;0.120148816;0.145230884;0.155019728;0.219684299;0.096689061;0.16522366;0.235098612;0.143508163;0.141806449;0.068722857;0.188855211;-0.036620564;0.019439632;0.264997796;0.141852293;
0.011509533;0.174385864;0.19008751;0.180434721;-0.010009224;0.158242395;0.246372952;0.155658068;-0.00704117;0.13632634;0.121784735;0.146205578;0.156422177;0.217720218;0.09857151;0.16206366;0.236225143;0.145418912;0.142554204;0.069121224;0.190509088;-0.036104179;0.017790653;0.259330857;0.143898007;
0.00719951;0.169765456;0.186213224;0.182302476;-0.005627728;0.156240762;0.247620299;0.150596844;-0.006990014;0.129822939;0.123931673;0.146904354;0.157400136;0.216147973;0.101201714;0.158812231;0.237132898;0.147830068;0.142599918;0.070138367;0.192435619;-0.035488202;0.016082898;0.254305551;0.145849027;
0.003921324;0.165194027;0.182396082;0.184740027;-0.000416844;0.15371668;0.249117442;0.144980517;-0.007629469;0.122363075;0.126457388;0.147139456;0.158335646;0.215119401;0.104617224;0.155648966;0.237803918;0.150569116;0.141835837;0.071808571;0.194576027;-0.034778931;0.014513918;0.249952898;0.147566578;
0.001772209;0.16061117;0.178725878;0.187704925;0.00550098;0.150720762;0.250843156;0.139019701;-0.008793007;0.114163619;0.129113714;0.146806395;0.159586259;0.214722667;0.108680898;0.152748558;0.238288816;0.153473605;0.140239102;0.074151429;0.196850313;-0.033966103;0.013294326;0.246279429;0.14892168;
0.000682685;0.155956476;0.175227102;0.191097578;0.012078395;0.147323211;0.252769687;0.132897252;-0.010194912;0.105608789;0.131565959;0.145918231;0.161401769;0.214975728;0.113082531;0.150237537;0.238698612;0.156389524;0.13789298;0.077170204;0.199180109;-0.033023129;0.012633102;0.243267184;0.14980168;
0.000431982;0.151203823;0.171880163;0.194795537;0.019303973;0.143621986;0.254862748;0.126751946;-0.011477633;0.097192735;0.133554531;0.144610476;0.163888299;0.215824707;0.117402531;0.148179578;0.23918351;0.159124218;0.134990122;0.080840408;0.201491946;-0.031898931;0.012701673;0.240878612;0.150110252;
0.000685224;0.146372803;0.168663837;0.198690395;0.02713581;0.139744435;0.257088054;0.120655619;-0.012321714;0.089414503;0.134872082;0.143100272;0.167021361;0.217156952;0.121165796;0.14656366;0.239914939;0.161455646;0.131842367;0.085104898;0.203727173;-0.030519572;0.013606163;0.239058204;0.149786986;
0.001067991;0.141538517;0.165613714;0.202710639;0.035457442;0.135844027;0.259403156;0.114626231;-0.012480082;0.082690966;0.135409224;0.141635782;0.170683401;0.218825524;0.12400498;0.145318762;0.241062694;0.16315034;0.128812163;0.089862449;0.205848617;-0.028811118;0.015385755;0.237740653;0.14881719;
0.001270077;0.136829946;0.162849959;0.206844517;0.044010367;0.132082395;0.261747646;0.108665415;-0.011834639;0.077270014;0.135195347;0.140443946;0.174706259;0.220672054;0.125727429;0.144358762;0.242757388;0.164002585;0.126276653;0.094980816;0.207839073;-0.026709427;0.018011061;0.236850857;0.147231884;
0.001080327;0.132408721;0.160585469;0.211151456;0.052404925;0.128613007;0.264048054;0.10277317;-0.010398993;0.07322566;0.134387184;0.139674966;0.178942993;0.222544707;0.126342939;0.14360366;0.245073118;0.163871973;0.124537878;0.100304898;0.209685101;-0.024188144;0.021374326;0.236320245;0.145120864;
0.000412571;0.128439741;0.159109551;0.215752272;0.060166014;0.125563211;0.266221116;0.096995211;-0.00830049;0.070462939;0.133185551;0.139371293;0.183313605;0.224314503;0.126068653;0.143006109;0.248010135;0.162730748;0.123759102;0.105677959;0.211380423;-0.021273625;0.025325347;0.236090041;0.142631068;
-0.000700354;0.125084639;0.158745469;0.220770068;0.066807102;0.123016272;0.268167238;0.091447456;-0.005749741;0.068729333;0.131895755;0.13948068;0.187816463;0.22587532;0.12529151;0.142566517;0.251487309;0.160668707;0.123925633;0.110957959;0.212915996;-0.018051701;0.02968453;0.236119429;0.139943721;
-0.002149061;0.122477293;0.159746612;0.22629268;0.07192819;0.121013007;0.26978683;0.086306231;-0.003021034;0.067713279;0.130805143;0.139872517;0.192508707;0.227143891;0.124424571;0.142311823;0.255362349;0.157883401;0.124864408;0.116025714;0.214281522;-0.01466138;0.034257591;0.236385551;0.137248211;
-0.003804571;0.120709129;0.162224653;0.232311946;0.075329007;0.11955015;0.270994993;0.081800109;-0.000398993;0.067137497;0.130171673;0.140375374;0.197465442;0.228056544;0.12385151;0.142264476;0.259437325;0.154629524;0.126237469;0.120791429;0.215466702;-0.011290185;0.038858408;0.236880245;0.134715966;
-0.005561306;0.119830762;0.166073469;0.238712272;0.077044925;0.11859015;0.271732952;0.078167456;0.001852435;0.066788653;0.130201061;0.140811293;0.20274381;0.228567565;0.123830286;0.142435905;0.263489068;0.151176463;0.127631755;0.125201224;0.21646576;-0.008131467;0.043300857;0.237588816;0.132469435;
-0.007393143;0.119853619;0.170962612;0.245264109;0.077344789;0.118079129;0.27197132;0.075563374;0.003506313;0.066536952;0.131014122;0.141026803;0.208351973;0.228645932;0.124457224;0.142813048;0.267293024;0.147754422;0.128629306;0.129224082;0.217278696;-0.005358056;0.047403714;0.238486776;0.130559231;
-0.009339265;0.120745048;0.176365061;0.251664109;0.07667649;0.117959946;0.271723156;0.074046639;0.004459782;0.066323075;0.132627184;0.140892925;0.214231156;0.228285116;0.125704571;0.143353456;0.270657294;0.144533197;0.128867673;0.13283551;0.217920831;-0.003090068;0.051018408;0.239526776;0.128959231;
-0.011481306;0.122438109;0.181640163;0.257556354;0.07557717;0.118173823;0.271040707;0.073560109;0.004756925;0.06614185;0.135028816;0.140319864;0.220265442;0.227511238;0.127458041;0.143996721;0.273433808;0.141625442;0.128080735;0.136020816;0.218416027;-0.00138068;0.05402902;0.24064351;0.127582905;
-0.013925388;0.124829946;0.186118531;0.262655456;0.074533361;0.118678313;0.270013769;0.073916027;0.004583864;0.066027565;0.138129224;0.139239048;0.226304626;0.226392871;0.129551102;0.144682435;0.275540936;0.139117687;0.126136245;0.138766939;0.218793672;-0.000223129;0.056381129;0.24176351;0.126307803;
-0.016746612;0.127785048;0.189298286;0.266764517;0.073889551;0.119439129;0.268751728;0.074851537;0.004276925;0.066011238;0.141792898;0.137601497;0.232188707;0.225027973;0.131843347;0.145361619;0.276950794;0.137091565;0.12301951;0.141059184;0.219083908;0.000422468;0.058117728;0.242828;0.125011476;
-0.019931918;0.131151578;0.190916898;0.269808762;0.07379649;0.120435048;0.267375401;0.076113578;0.004303048;0.066084707;0.145858204;0.135374558;0.237769116;0.223540626;0.134249878;0.145999986;0.277701061;0.135656463;0.118821959;0.142887755;0.219316247;0.000613722;0.059385755;0.243804327;0.123604129;
-0.023383347;0.13477117;0.190996571;0.271830639;0.074206286;0.12166117;0.265997442;0.07749317;0.005165088;0.06621532;0.150129224;0.132558231;0.242913605;0.222063075;0.13673151;0.14656815;0.277870104;0.134952789;0.113705224;0.144262449;0.219518194;0.000387483;0.060426843;0.244712082;0.122049844;
-0.026922939;0.138485456;0.189845878;0.272991456;0.074893633;0.12312566;0.264707646;0.07888419;0.007382231;0.066357361;0.154375755;0.129172109;0.247481701;0.220716136;0.139296408;0.147028558;0.277562914;0.135120952;0.107866857;0.145220816;0.219715493;-0.000267211;0.061544666;0.245614939;0.120373109;
-0.030315592;0.14216219;0.187992816;0.273474721;0.075549959;0.124849741;0.263550095;0.080289905;0.011331619;0.066468381;0.158351265;0.125278231;0.251326327;0.219584707;0.141964163;0.147332231;0.276886242;0.136249116;0.101519102;0.145837959;0.219928869;-0.001387211;0.063022217;0.246607592;0.118645762;
-0.033314776;0.145705048;0.18600751;0.273487782;0.075868327;0.126882395;0.262521524;0.081796844;0.017163456;0.066512463;0.161807592;0.12097619;0.254285646;0.218722667;0.14473151;0.147412231;0.275936791;0.138324218;0.094870939;0.146216735;0.220174269;-0.002998639;0.065074462;0.247791265;0.116954333;
-0.035703347;0.149050354;0.184409143;0.273197823;0.075618531;0.129280762;0.26157132;0.08354868;0.024791211;0.066481442;0.164540653;0.116401497;0.256178163;0.21814634;0.147560898;0.147188558;0.274779617;0.141196054;0.08811502;0.146481224;0.220456341;-0.005086803;0.067785755;0.24925902;0.115373925;
-0.037345796;0.152168721;0.183513143;0.272735129;0.07470098;0.132108517;0.26061785;0.085697252;0.033885088;0.066386748;0.166405143;0.111702721;0.256810884;0.21785083;0.150393551;0.146594272;0.273454656;0.144564218;0.081426041;0.146765306;0.220755619;-0.007542313;0.071086435;0.251061469;0.113948619;
-0.038230694;0.15506015;0.183387102;0.272196354;0.073159755;0.135424435;0.259564789;0.088335619;0.043883456;0.066254503;0.167340653;0.107031701;0.256010408;0.217818177;0.153141306;0.145604884;0.271973086;0.148004218;0.074965633;0.147188163;0.221023877;-0.010130068;0.074760993;0.253198612;0.112676782;
-0.038451102;0.157736068;0.183883429;0.271662476;0.071146694;0.139259537;0.258332136;0.09149317;0.054139782;0.066109197;0.167404327;0.102522313;0.253692789;0.218032054;0.155711102;0.144253048;0.270330386;0.151022993;0.068879102;0.147834694;0.221186012;-0.012503946;0.078522081;0.255611673;0.111515966;
-0.038181714;0.160217701;0.184688327;0.271175946;0.068882204;0.143597497;0.256887238;0.09514215;0.063971619;0.065965524;0.166731673;0.098295374;0.249951122;0.218482667;0.158036;0.14263019;0.268527184;0.153151973;0.063292163;0.148752245;0.22114507;-0.014247619;0.082064394;0.258194531;0.110404129;
-0.037659265;0.162523007;0.185406694;0.270784109;0.066586694;0.148374639;0.255262748;0.09919766;0.072742231;0.065816952;0.16549902;0.094445578;0.245050646;0.219174912;0.160081714;0.140881619;0.266583573;0.154025442;0.058301143;0.149945714;0.220793924;-0.014967619;0.085155006;0.260792082;0.109284129;
-0.037122122;0.16466015;0.185726694;0.270521252;0.064400571;0.153458721;0.253550095;0.103545415;0.079958558;0.065653687;0.163905551;0.09104966;0.239422211;0.220103891;0.161848245;0.13918366;0.264543636;0.15344585;0.053969714;0.151374286;0.220036247;-0.014410884;0.087662762;0.263211673;0.108116782;
-0.03675151;0.166622599;0.185458939;0.270405333;0.062379347;0.158658721;0.251886422;0.10807766;0.085297333;0.065452871;0.162127592;0.088179456;0.233652483;0.221245116;0.163374776;0.137701211;0.262484232;0.151408299;0.050314204;0.152961224;0.218802589;-0.012526803;0.089588748;0.265218531;0.10689066;
-0.036658449;0.168392395;0.184572408;0.27044615;0.060492;0.163729741;0.250428463;0.112714395;0.088609986;0.065185116;0.160300653;0.085908435;0.228394388;0.22254634;0.164721714;0.136548558;0.260506462;0.148108707;0.047303592;0.154610204;0.217069591;-0.009525986;0.091039632;0.266561878;0.10561719;
-0.036878857;0.169941782;0.183202612;0.270655129;0.058634041;0.16838117;0.249303565;0.117416435;0.089930803;0.064834095;0.15853249;0.084308435;0.224266054;0.223916136;0.165944571;0.135773048;0.258719711;0.143912789;0.044867673;0.15622;0.214866137;-0.005875374;0.092204802;0.266989633;0.104317599;
-0.037386612;0.171254435;0.181584653;0.27103717;0.056678122;0.172297905;0.248568871;0.122183782;0.089421415;0.064385116;0.156916163;0.083446395;0.221732313;0.225217361;0.167082531;0.135342027;0.257225708;0.139313605;0.04291502;0.157695918;0.212264818;-0.00220517;0.093285074;0.266269633;0.103004946;
-0.03811151;0.172354299;0.179963429;0.271602068;0.054549143;0.175173007;0.248191728;0.12704419;0.087297333;0.063808789;0.155556163;0.08337619;0.221012993;0.226290014;0.168127429;0.135155905;0.256097042;0.134865279;0.041349306;0.158962857;0.20936711;0.00081034;0.094473102;0.264205959;0.101677599;
-0.038962122;0.173318653;0.178552816;0.272364517;0.052237306;0.176730558;0.248048054;0.132046639;0.083808354;0.06307083;0.154588;0.084135374;0.22208619;0.226977361;0.169022122;0.135077537;0.255362223;0.131134014;0.040098694;0.159983265;0.206293453;0.002578503;0.095922898;0.260697061;0.100311068;
-0.039856816;0.174276476;0.177475265;0.27333268;0.049824245;0.176771374;0.247935401;0.137231946;0.07920917;0.062120626;0.154161878;0.085733741;0.224698163;0.227148789;0.169675184;0.134963252;0.255013589;0.12863932;0.039125633;0.160763673;0.203155619;0.002741769;0.097744938;0.255753714;0.098877599;
-0.040741714;0.175419878;0.176755265;0.274490231;0.047453633;0.17520566;0.247615401;0.142591946;0.073743048;0.060891238;0.154436163;0.088140272;0.228370272;0.226727565;0.169978857;0.134695497;0.255009947;0.127806667;0.038433388;0.161357959;0.20004215;0.001246259;0.099991469;0.249526122;0.097365762;
-0.041576;0.176991034;0.176324245;0.275775129;0.045296898;0.172082395;0.246862748;0.148062966;0.067632027;0.059346748;0.155554531;0.091301088;0.232547075;0.22571532;0.169830286;0.134208966;0.255290637;0.12893483;0.038056245;0.16184449;0.197016844;-0.001623946;0.102667387;0.242294122;0.095790252;
-0.042331918;0.179235388;0.176035265;0.277082884;0.043492816;0.167613823;0.245517442;0.153522558;0.061075293;0.057482259;0.157590449;0.095144354;0.236711701;0.224196952;0.169182122;0.133482435;0.255797388;0.132163565;0.038039918;0.162306531;0.194117252;-0.005299048;0.105722081;0.23445249;0.094200048;
-0.042994776;0.182351578;0.175707102;0.278274721;0.042118122;0.162155864;0.24352234;0.158794395;0.054241007;0.055348381;0.160509633;0.099580272;0.240445918;0.222322667;0.168055592;0.132535497;0.256492898;0.137454014;0.038412163;0.162807755;0.191349905;-0.009044354;0.109060857;0.226467184;0.092689844;
-0.043553143;0.186432122;0.175178122;0.279187374;0.041149959;0.156173823;0.24093785;0.163674395;0.047285905;0.053069197;0.164160245;0.104504354;0.243470238;0.220286748;0.16654702;0.131413864;0.257363102;0.144590667;0.039171347;0.163359592;0.188700109;-0.012095782;0.112536775;0.218845959;0.09137719;
-0.043993959;0.19144219;0.17432098;0.279657578;0.040482204;0.150193415;0.237930503;0.167966639;0.040365088;0.050819401;0.168268;0.109795782;0.245650442;0.218288381;0.164826204;0.130155088;0.258419429;0.153204218;0.040270122;0.163888571;0.186131946;-0.013826395;0.115965347;0.212046612;0.090379639;
-0.044307429;0.19721634;0.173068735;0.279551456;0.039945061;0.144728925;0.234751728;0.171512762;0.033623864;0.04877532;0.172463374;0.115301088;0.246974524;0.216502259;0.163108653;0.128775497;0.259679837;0.162802585;0.041618694;0.164277143;0.183589905;-0.013927619;0.119147387;0.206445959;0.089793517;
-0.044495184;0.20346668;0.171431184;0.278777578;0.039342612;0.140216272;0.231688871;0.174242558;0.027181415;0.047111646;0.176354531;0.12083415;0.247537177;0.215058993;0.161613143;0.127275088;0.261157388;0.172828707;0.043101143;0.164394694;0.181007048;-0.012435374;0.121891877;0.202299347;0.089684129;
-0.044576816;0.20982151;0.169480163;0.277291864;0.03846751;0.136968925;0.22901132;0.176167456;0.02112917;0.045929605;0.179600245;0.126161497;0.247466565;0.214038585;0.160537224;0.125629374;0.262847184;0.182711156;0.044598286;0.164135102;0.178309905;-0.009730068;0.12402902;0.199721061;0.09009066;
-0.044580082;0.21589117;0.167333224;0.275112272;0.037143429;0.135143619;0.226929687;0.177367456;0.01552917;0.045250422;0.182012762;0.131018639;0.246875646;0.213476952;0.160022939;0.123815497;0.264714939;0.191950014;0.046004;0.163478776;0.175426639;-0.006489252;0.125439632;0.198666367;0.091031068;
-0.044536;0.221324095;0.16512751;0.272307374;0.035238122;0.134755048;0.225569687;0.177986231;0.010407537;0.045023483;0.183601878;0.135152517;0.245857279;0.213408381;0.160129061;0.121836721;0.266695347;0.200174014;0.047244816;0.162533469;0.172303374;-0.00353415;0.126058408;0.198966776;0.092505354;
-0.044488653;0.225850354;0.162992;0.269007782;0.032660163;0.135697088;0.224949279;0.178201741;0.005764272;0.045144299;0.184596707;0.138368844;0.244480952;0.213876952;0.160827837;0.119725701;0.268711673;0.207183646;0.048283184;0.161513061;0.168912354;-0.001659864;0.12586902;0.200338204;0.09452168;
-0.044478857;0.229291442;0.161024653;0.265394721;0.029376898;0.137770558;0.224985197;0.178169088;0.001581415;0.045469197;0.185434803;0.140572925;0.242791156;0.214951238;0.162006612;0.117555905;0.270688816;0.212956054;0.049115837;0.160722857;0.165250313;-0.001493333;0.124891061;0.202445633;0.097089844;
-0.044534367;0.23157498;0.159274449;0.26170166;0.025432408;0.140730558;0.225512544;0.178018884;-0.002176952;0.045877361;0.186667456;0.141811565;0.240822177;0.21673083;0.163482531;0.115438354;0.272569633;0.217641769;0.049770531;0.160479592;0.161343374;-0.003348027;0.123171877;0.204927592;0.100183721;
-0.044676408;0.23273634;0.157729959;0.258189823;0.02094098;0.144317497;0.226319075;0.177842558;-0.005548381;0.046257769;0.188802422;0.142273061;0.238616463;0.219330014;0.16502702;0.11347917;0.274328;0.221512789;0.05029298;0.161015102;0.157235619;-0.007219048;0.120776775;0.207438612;0.103724946;
-0.044919673;0.232870762;0.156345469;0.255157986;0.016095265;0.148263619;0.227182748;0.177685823;-0.008562259;0.046520626;0.192205415;0.142275782;0.236227891;0.222825524;0.166400082;0.111769782;0.275972082;0.224898912;0.050730531;0.162443673;0.152974395;-0.012805986;0.117798816;0.209681878;0.107568211;
-0.045265796;0.232099605;0.155049143;0.252870639;0.01115649;0.152296272;0.227910912;0.177558476;-0.011243075;0.046582667;0.196982558;0.142185442;0.233720136;0.227233687;0.167394367;0.110362435;0.277544327;0.228108054;0.051124;0.164734286;0.148600517;-0.019553741;0.114360449;0.211453306;0.111489844;
-0.045718041;0.230549673;0.153759347;0.251553088;0.006418531;0.156137905;0.228366422;0.177434395;-0.013613687;0.046352463;0.202947728;0.142319184;0.231163401;0.232474503;0.167879265;0.10923917;0.279110041;0.231385442;0.05149951;0.167694286;0.144149905;-0.026801088;0.110623306;0.212633714;0.115204129;
-0.046278041;0.228333619;0.152404245;0.251360435;0.002191592;0.159507701;0.228495401;0.177249905;-0.015688789;0.045718993;0.209667184;0.142872653;0.228629524;0.238368381;0.16782702;0.108324884;0.280737796;0.23488585;0.051855429;0.171049388;0.139650313;-0.033937415;0.10678004;0.21319698;0.118397599;
-0.046955592;0.225541782;0.150931592;0.252362884;-0.001238612;0.162136272;0.228327238;0.176929905;-0.01747981;0.044574503;0.216525415;0.143874286;0.226174014;0.244652463;0.167322531;0.107515088;0.282489633;0.238675238;0.052164;0.174517143;0.135136027;-0.040458231;0.103029836;0.213182286;0.120805762;
-0.047768653;0.22223566;0.149295673;0.254511456;-0.003645143;0.163781986;0.227959891;0.176387864;-0.019001442;0.042822667;0.222863918;0.145150476;0.223831156;0.25101981;0.166556816;0.106685701;0.284416163;0.242748707;0.052376245;0.177841224;0.130659293;-0.046030476;0.09954902;0.212679429;0.122309435;
-0.048730286;0.218441374;0.147463837;0.257688599;-0.004850041;0.164263619;0.227535401;0.175522558;-0.020271646;0.040419401;0.228127592;0.146385034;0.221609116;0.257160218;0.165797633;0.105742027;0.28653698;0.247067075;0.052431755;0.180848571;0.126296844;-0.050517007;0.096474734;0.211789633;0.122952701;
-0.049838857;0.214183415;0.145406694;0.261686966;-0.004730857;0.163484844;0.227213769;0.174245823;-0.021308381;0.037398993;0.231922966;0.147175918;0.219488299;0.262818993;0.165319265;0.104636721;0.28883902;0.25159932;0.052271755;0.183462449;0.122146639;-0.053950476;0.093878816;0.210604327;0.122949435;
-0.051084571;0.209505864;0.14310302;0.266245333;-0.003230449;0.161450558;0.227132136;0.172490721;-0.022136136;0.033880626;0.234049224;0.147164762;0.217434422;0.267821442;0.165319265;0.103361619;0.291278204;0.256345442;0.051855429;0.185669796;0.118318068;-0.056487619;0.091802081;0.209177388;0.12268168;
-0.052428245;0.204487088;0.14054302;0.271071456;-0.000345551;0.158261986;0.227381932;0.170214803;-0.022779401;0.030060218;0.234499837;0.146117687;0.215418095;0.272089197;0.165885796;0.101954272;0.293779429;0.261320136;0.051166449;0.187511429;0.114905823;-0.058345578;0.090259224;0.207521878;0.122600048;
-0.053801306;0.19925117;0.137734857;0.275881252;0.003863429;0.154100354;0.227989279;0.167411537;-0.023261034;0.026179401;0.233383102;0.143960136;0.213422993;0.275633687;0.166968245;0.100479986;0.296241469;0.266536463;0.050224408;0.189057551;0.111975211;-0.059733333;0.089278;0.205611673;0.12310617;
-0.05512049;0.193977701;0.134707918;0.280423293;0.009249551;0.149194231;0.228913361;0.164111946;-0.023607156;0.022481442;0.23085902;0.140778912;0.211462177;0.278534912;0.168364163;0.098989374;0.298559837;0.271987891;0.049079918;0.190370204;0.109550721;-0.060823946;0.088938408;0.203402694;0.124492293;
-0.056297633;0.188887088;0.13152098;0.28452615;0.015584245;0.143788517;0.230054585;0.160378068;-0.023837361;0.019172054;0.227072898;0.136829796;0.209586259;0.280910422;0.169782939;0.097521619;0.300639837;0.277607483;0.047803184;0.191513061;0.107606231;-0.061731701;0.08938902;0.200849224;0.126867803;
-0.057249469;0.184219333;0.128245878;0.288098395;0.02254098;0.138111782;0.231279075;0.156312762;-0.02395981;0.016386748;0.222137388;0.132426803;0.207868707;0.282884299;0.170930694;0.096104476;0.302419429;0.283246667;0.046466041;0.19256449;0.106078068;-0.062497415;0.090781673;0.197930041;0.130144537;
-0.057917224;0.180204639;0.124957714;0.291143293;0.029724653;0.132364844;0.232433361;0.152040109;-0.023984299;0.014174503;0.216147184;0.127894014;0.206400952;0.284559401;0.171569061;0.094742844;0.303883918;0.288675238;0.045132163;0.19361102;0.104887864;-0.063104762;0.093268204;0.194659837;0.134098823;
-0.05827151;0.177034027;0.121716898;0.293749007;0.036720571;0.126714231;0.233377034;0.147693986;-0.023915728;0.012520626;0.209213306;0.123500816;0.205280952;0.286007565;0.171583755;0.093436721;0.305070857;0.293598776;0.043844;0.194752245;0.103958884;-0.063519456;0.096881265;0.191088136;0.138405762;
-0.058313959;0.174828313;0.118557714;0.296049415;0.043138531;0.121293823;0.233999075;0.143416435;-0.02375083;0.01135981;0.201482694;0.119439456;0.204591973;0.287264707;0.171005796;0.092187741;0.306061878;0.297688027;0.042626041;0.196099184;0.103235619;-0.063713741;0.101508204;0.187293306;0.142740456;
-0.058078857;0.173623415;0.115485061;0.298175129;0.048655265;0.116204844;0.234230912;0.139339701;-0.023496136;0.010603891;0.193159429;0.11581415;0.204394422;0.288329197;0.169988653;0.090994272;0.306972898;0.300613197;0.041486449;0.197748163;0.102690313;-0.063671293;0.106873102;0.18336351;0.14689719;
-0.057613551;0.173370354;0.11248751;0.300219211;0.053061796;0.111515864;0.234049687;0.135560109;-0.02316634;0.010174503;0.184508;0.112651701;0.204732381;0.289178177;0.168791918;0.089853048;0.307923102;0.302111429;0.040436653;0.199762857;0.102306639;-0.063397007;0.112562898;0.179403238;0.150787803;
-0.056971918;0.173948313;0.109553633;0.302211048;0.056243837;0.107254639;0.233488054;0.132136435;-0.022782667;0.010024299;0.175840245;0.109893333;0.20562381;0.289778993;0.167698041;0.088747741;0.309010449;0.302050476;0.039501143;0.20216449;0.102071537;-0.062915374;0.118051877;0.175531673;0.154422088;
-0.056214367;0.17519566;0.106698122;0.304095129;0.058158122;0.103404844;0.23261785;0.129075211;-0.022377769;0.010132054;0.167468;0.107449252;0.20707034;0.290113687;0.166929061;0.087631007;0.31029698;0.30046517;0.038724;0.204913878;0.101953986;-0.062249252;0.122869836;0.171905707;0.157920864;
-0.055398041;0.176944231;0.103973224;0.305745741;0.058798122;0.099896272;0.231550095;0.126335619;-0.021985932;0.010514095;0.159665551;0.105193333;0.209060544;0.29019532;0.166640082;0.086440803;0.311802286;0.297580272;0.038159102;0.207916327;0.10188215;-0.061410068;0.126638;0.168714492;0.16140168;
-0.054565388;0.179055252;0.101473633;0.307001252;0.058151592;0.096606476;0.230418667;0.123855619;-0.021634912;0.01120634;0.152651673;0.102979456;0.211568299;0.290079401;0.166907837;0.085105293;0.313501878;0.293800136;0.03786849;0.211041224;0.10175317;-0.06038966;0.129145755;0.166194142;0.164908619;
-0.053758857;0.181443823;0.099318531;0.307703293;0.056176082;0.093381986;0.22936234;0.121571537;-0.021345932;0.012251238;0.146565143;0.100665986;0.214549524;0.289858993;0.167712735;0.083549374;0.315346776;0.289646122;0.03789951;0.214131837;0.101454395;-0.059152109;0.130362081;0.164613578;0.168412293;
-0.053007837;0.184095252;0.097625469;0.307729415;0.052825878;0.090057905;0.228503565;0.119436027;-0.021118993;0.013684707;0.141466367;0.098140272;0.217947075;0.289663075;0.168996;0.081712639;0.317278204;0.285705986;0.038273388;0.217018367;0.100881333;-0.057654966;0.130430653;0.16427834;0.171764129;
-0.052323755;0.187058517;0.096482612;0.307030639;0.048075673;0.086487293;0.227943565;0.117452354;-0.020932871;0.015521442;0.137352082;0.095333741;0.221682585;0.289622259;0.170693959;0.079564068;0.319235755;0.282500544;0.038968898;0.21954898;0.099971946;-0.055875374;0.129589836;0.165458049;0.174709435;
-0.051701714;0.190425048;0.095925878;0.305637986;0.041971184;0.082580354;0.227741116;0.115666231;-0.020756544;0.017733687;0.134178204;0.09225619;0.225664626;0.289849197;0.172752735;0.077102027;0.321162286;0.280393878;0.039925633;0.221599592;0.098729497;-0.053814966;0.128130245;0.168366814;0.176978823;
-0.051118857;0.19429117;0.095925878;0.303670639;0.034674857;0.078327293;0.22791581;0.114142966;-0.02055083;0.020259401;0.131860925;0.088985986;0.229791973;0.29041083;0.175144571;0.074355905;0.323008816;0.279557959;0.041047265;0.223091837;0.097229088;-0.051524354;0.126296775;0.173069166;0.178302905;
-0.050532735;0.198725456;0.096397714;0.301322884;0.02646751;0.073804844;0.22845132;0.112949497;-0.02027981;0.022995728;0.130285959;0.08566517;0.233956871;0.29131532;0.177843347;0.07137468;0.324724735;0.279946531;0.042224408;0.224007755;0.095614395;-0.049106395;0.124267387;0.179453384;0.178492293;
-0.049897633;0.203734435;0.09720751;0.298841252;0.017724653;0.06918117;0.229310095;0.112129905;-0.019920626;0.025807156;0.129296571;0.082474966;0.238043401;0.29249083;0.18080498;0.068218762;0.326257796;0.281305986;0.043342776;0.224397959;0.094063374;-0.046688435;0.122141673;0.187187417;0.177525762;
-0.049164571;0.209244639;0.098183837;0.296490231;0.008900163;0.064683211;0.23045132;0.111672762;-0.019473279;0.028548381;0.128695211;0.079593333;0.241930748;0.293805116;0.183969061;0.064961619;0.32755902;0.283284218;0.044319102;0.224378367;0.092749088;-0.044397823;0.119950653;0.195758612;0.175511068;
-0.048296;0.215105864;0.099140571;0.29452615;0.000441388;0.06056566;0.231852136;0.111519293;-0.018962259;0.031087156;0.128228816;0.077157415;0.245491565;0.295076952;0.187214776;0.061678354;0.328589224;0.285473061;0.045120735;0.224126939;0.091815211;-0.04234068;0.117658408;0.204492218;0.172691476;
-0.04728049;0.221107497;0.099881796;0.293144925;-0.007261469;0.057079946;0.233509279;0.111574803;-0.018434912;0.033323891;0.12761766;0.075242313;0.248593605;0.296103891;0.190346204;0.058437537;0.32931902;0.287485578;0.045772163;0.223849388;0.091345007;-0.040579048;0.115202898;0.212667767;0.169447395;
-0.046129469;0.22701117;0.100206694;0.29245268;-0.013891673;0.054431782;0.235447238;0.11173317;-0.017951646;0.035219401;0.126576027;0.073838231;0.251104626;0.296686748;0.193126612;0.055306109;0.329740245;0.289008299;0.046343592;0.223749796;0.091343374;-0.039150476;0.112517183;0.219571324;0.166169027;
-0.044877224;0.232581782;0.099934041;0.292444517;-0.019224735;0.052743619;0.23770683;0.111911129;-0.01759083;0.036801442;0.124874803;0.072860272;0.252907075;0.296678585;0.195289878;0.052351007;0.329864327;0.289800136;0.046952571;0.223989796;0.091749905;-0.038081088;0.109545755;0.224635813;0.163195966;
-0.043580898;0.237610354;0.098928327;0.292994721;-0.023130041;0.052051374;0.24032234;0.112074395;-0.017429197;0.038156544;0.122386639;0.07216966;0.253912789;0.295992871;0.196566612;0.049629374;0.329717388;0.289692381;0.04771502;0.224655918;0.092455211;-0.03740517;0.106241265;0.227502519;0.160792701;
-0.042304163;0.241933619;0.097117714;0.293873088;-0.025530041;0.052302803;0.243301932;0.112231129;-0.017533687;0.039418585;0.119136027;0.071590068;0.25407932;0.294631238;0.196728245;0.047193456;0.329330449;0.288595238;0.048707673;0.225738367;0.09332215;-0.037204354;0.102574326;0.228097271;0.159071884;
-0.041105796;0.245445456;0.094533224;0.294793905;-0.026401878;0.053378721;0.24661785;0.112430313;-0.017950014;0.040741034;0.115298748;0.070941905;0.253427891;0.292678585;0.195609878;0.045088966;0.328731265;0.286471156;0.049935429;0.227134286;0.09420868;-0.037602721;0.09854004;0.226615755;0.158026986;
-0.040029878;0.248087088;0.091318531;0.295463293;-0.025758612;0.055127293;0.250196626;0.112737252;-0.018694503;0.042264299;0.111212762;0.070076599;0.252046667;0.290294912;0.193157633;0.043356721;0.327929633;0.283354422;0.051316653;0.228664082;0.094979293;-0.038725986;0.094167796;0.223489224;0.157558415;
-0.039094367;0.249843823;0.087720163;0.295633088;-0.023645143;0.057391782;0.253930503;0.113196027;-0.019744299;0.04408634;0.107302014;0.068892925;0.250082585;0.287684299;0.189448245;0.042034272;0.326920653;0.279357687;0.052679918;0.23011551;0.095519701;-0.040677007;0.089522898;0.219256688;0.157489844;
-0.038296;0.250738517;0.084061388;0.295154721;-0.020154531;0.060026884;0.257695401;0.113805007;-0.021042259;0.046247973;0.103986095;0.067351701;0.247720136;0.285065524;0.184676;0.041147741;0.325679837;0.274675238;0.053804816;0.231289388;0.095745007;-0.043468844;0.084713102;0.214473481;0.157689027;
-0.037611918;0.25082668;0.080685061;0.293998803;-0.015423102;0.062908517;0.261370503;0.114513578;-0.022492054;0.048727973;0.101602422;0.065483946;0.24515034;0.28259532;0.179159265;0.040697129;0.324159837;0.269596054;0.054457878;0.232042041;0.09559317;-0.046971387;0.079880449;0.209576688;0.158102088;
-0.037001306;0.250188313;0.077870367;0.292258395;-0.009620653;0.065924027;0.26485785;0.11522215;-0.023981034;0.051449605;0.10035181;0.063384354;0.242515891;0.280360218;0.173319265;0.040659578;0.322306776;0.264476054;0.054469306;0.232311429;0.095025007;-0.05090696;0.075194734;0.204837796;0.158671884;
-0.036420082;0.248921374;0.075801796;0.290119619;-0.002944735;0.068950966;0.268093769;0.115805007;-0.025401442;0.054292054;0.100240789;0.061196599;0.23989483;0.27835532;0.167596816;0.04097468;0.320078204;0.259689116;0.05378849;0.232125306;0.094029088;-0.054863883;0.070840449;0.200346367;0.159383721;
-0.035827429;0.247143415;0.074538122;0.287815946;0.004405469;0.071855456;0.271037442;0.116139701;-0.026663483;0.057114912;0.101112082;0.059090476;0.237280952;0.276479401;0.162400082;0.041536313;0.317448;0.255584626;0.052497061;0.231584898;0.092611946;-0.058355751;0.066992285;0.196060653;0.160229435;
-0.035176;0.244988313;0.07400098;0.285571048;0.012250367;0.074503619;0.27365785;0.116126639;-0.027714912;0.059781034;0.102704463;0.057235782;0.234580544;0.274559401;0.158012054;0.042208966;0.314429224;0.252425442;0.050800735;0.230832245;0.090796435;-0.06094112;0.063795551;0.191869633;0.161125762;
-0.034415184;0.242588313;0.074015673;0.283562884;0.020434857;0.076774639;0.27591581;0.115707048;-0.028555728;0.062167973;0.104707184;0.055784354;0.231625442;0.272420626;0.154549741;0.042847333;0.311095347;0.250351973;0.049008082;0.230009388;0.088618476;-0.062281779;0.061356367;0.187699837;0.161912701;
-0.033486204;0.240072395;0.074373224;0.281879619;0.028834857;0.078583619;0.277749279;0.114866231;-0.029223483;0.064171238;0.106836163;0.054847211;0.228250095;0.26989981;0.151941306;0.043309374;0.307575347;0.249377279;0.047450531;0.229224082;0.086125415;-0.062210822;0.059728612;0.18357902;0.162382905;
-0.032318857;0.237564639;0.07486302;0.280511456;0.037332816;0.079924027;0.279073361;0.113617252;-0.02978185;0.065707565;0.108879156;0.054486395;0.224346531;0.266889197;0.149924435;0.043488966;0.304052082;0.249387075;0.046415429;0.228530204;0.083376027;-0.060770319;0.058904122;0.17967698;0.162311068;
-0.030842939;0.235174435;0.075318531;0.279360435;0.045807918;0.080882395;0.279796626;0.111982966;-0.030301034;0.066716544;0.110707184;0.054716599;0.219936517;0.263347973;0.148075728;0.043330599;0.300737796;0.250174014;0.046098694;0.22792449;0.080445415;-0.058172266;0.058824122;0.176272898;0.161573109;
-0.029009469;0.232991578;0.075636898;0.278273088;0.054118122;0.08163015;0.279848871;0.109991129;-0.030826748;0.067152463;0.112279429;0.055511701;0.215182993;0.259298993;0.145914639;0.042835905;0.297834939;0.251493197;0.046577061;0.227353061;0.077423374;-0.054720335;0.059382489;0.173690041;0.160142905;
-0.026798857;0.231083007;0.075772408;0.277064925;0.062078939;0.082394231;0.279225197;0.107656435;-0.031372054;0.066985932;0.113632898;0.056804762;0.210392245;0.254807565;0.142978041;0.042065293;0.295500245;0.253096463;0.047809714;0.226735918;0.074419293;-0.050764793;0.060438816;0.172181469;0.158102088;
-0.024253551;0.229487905;0.075723429;0.275561252;0.069468327;0.083408109;0.278008871;0.104980517;-0.031920626;0.066212054;0.114829633;0.05849619;0.205968844;0.249965116;0.138956272;0.041119986;0.29381698;0.254773197;0.04965951;0.225999592;0.071547456;-0.046611701;0.061837067;0.171879429;0.155661272;
-0.021482939;0.228224231;0.075507918;0.273624925;0.076056082;0.084853007;0.276372952;0.101956844;-0.032428381;0.06486185;0.115954531;0.060458639;0.20235415;0.244848381;0.133737224;0.040115905;0.292767184;0.256381361;0.051924;0.225077551;0.068915619;-0.042484731;0.063427504;0.172744735;0.153094741;
-0.01864702;0.227283823;0.075132408;0.271177578;0.081615265;0.086817088;0.274568871;0.098585415;-0.032847973;0.063003891;0.117107184;0.06254517;0.199901578;0.239524299;0.127422667;0.039168966;0.292254531;0.257837687;0.054389306;0.22388254;0.066610313;-0.038510979;0.065080449;0.17455698;0.150624537;
-0.015928653;0.226634027;0.074587102;0.268199619;0.085961388;0.089267701;0.272877442;0.094872762;-0.033156544;0.060752463;0.118392082;0.064595782;0.198797687;0.234048381;0.120316816;0.038368966;0.292130449;0.259102993;0.056856245;0.222313107;0.064673986;-0.034728498;0.066711469;0.176958612;0.148405762;
-0.013507429;0.22623566;0.073849143;0.264723701;0.088993224;0.092059537;0.271540299;0.090846639;-0.033367156;0.058267565;0.119913714;0.066458639;0.199034531;0.22845981;0.112868109;0.037759986;0.292233306;0.260162585;0.05915502;0.220242177;0.063087048;-0.031113428;0.068283714;0.179552898;0.14649719;
-0.011504163;0.226054435;0.072885878;0.260824925;0.09070098;0.094975456;0.270712544;0.086549497;-0.033533687;0.055748381;0.121788;0.06801619;0.20040966;0.222797769;0.105562531;0.037346925;0.292429224;0.260996871;0.061163184;0.217499093;0.061776027;-0.027634872;0.069808845;0.181957796;0.144844946;
-0.009967837;0.226057701;0.071669551;0.25661268;0.091176082;0.097764027;0.270421932;0.08205317;-0.033742667;0.053405524;0.124114531;0.069214558;0.202544626;0.217121034;0.098833279;0.037095497;0.292644735;0.261561769;0.062804;0.213870839;0.060621741;-0.024264699;0.071336542;0.183879429;0.143343721;
-0.008867429;0.226220966;0.070203429;0.252217578;0.09060302;0.100178721;0.27056234;0.077452354;-0.034087156;0.051441442;0.126960245;0.070079864;0.204973469;0.211496544;0.092979673;0.03694366;0.292860245;0.261787075;0.06403502;0.209121542;0.059480517;-0.021004668;0.072939341;0.185136571;0.141879231;
-0.008108245;0.22653117;0.068529959;0.247780027;0.089220163;0.102020354;0.270932952;0.072872762;-0.034647156;0.050025932;0.130338204;0.070723129;0.207257551;0.205996136;0.088136136;0.036822844;0.29310351;0.261586259;0.064854612;0.203082449;0.058220109;-0.01794765;0.074686046;0.185675347;0.14037066;
-0.007567837;0.226981782;0.066729143;0.243448599;0.087282204;0.103163211;0.271280707;0.068467864;-0.035468381;0.049268381;0.134192898;0.071327211;0.209051184;0.200694912;0.084270558;0.03667917;0.293415347;0.260877687;0.065290531;0.195766168;0.056742558;-0.015268844;0.076629836;0.185556163;0.13880168;
-0.007140082;0.227564639;0.064910367;0.239368599;0.085038939;0.103551782;0.27136234;0.064431946;-0.036547565;0.049188381;0.138393714;0.07211415;0.210150068;0.195658177;0.081185932;0.036475088;0.293821878;0.259600952;0.065399918;0.18737483;0.055003782;-0.013207179;0.078793801;0.184914531;0.137226986;
-0.00674498;0.228265048;0.063205878;0.235670639;0.082694449;0.103202395;0.27101785;0.060967456;-0.03783083;0.049722259;0.142761061;0.073288027;0.210492381;0.190938177;0.078612327;0.036204068;0.294316571;0.257741361;0.065267673;0.178308254;0.053020109;-0.012059801;0.081171178;0.183900653;0.13573066;
-0.006354776;0.229063415;0.061734857;0.23245268;0.080407102;0.102193415;0.270185197;0.058286231;-0.039234912;0.050727973;0.147097388;0.074989252;0.210147347;0.186569197;0.076273279;0.035880803;0.29486351;0.255333197;0.064986857;0.169161769;0.050851946;-0.012159707;0.083730011;0.182663102;0.134452293;
-0.005985796;0.229943415;0.060593633;0.229770231;0.078287918;0.100653823;0.268895401;0.056593625;-0.040665116;0.051996544;0.151224735;0.077263537;0.209274966;0.182569197;0.073961986;0.035536313;0.295408816;0.252449932;0.064645633;0.16062263;0.048580925;-0.013818796;0.086425988;0.181325959;0.133500456;
-0.005675592;0.230896884;0.059832816;0.227624925;0.076412;0.098737088;0.267269279;0.056072179;-0.042031646;0.053278177;0.155015755;0.080048844;0.208076054;0.178956136;0.071565796;0.035198354;0.295919837;0.249194422;0.064317469;0.153351973;0.046306639;-0.017244417;0.089208729;0.17997249;0.132942905;
-0.00546498;0.231933619;0.059460571;0.225962884;0.074829959;0.096606476;0.265465197;0.056848972;-0.043265932;0.054329605;0.158419837;0.083190068;0.206720952;0.175756136;0.069084163;0.034884884;0.296409633;0.24568585;0.064026857;0.147850975;0.04412215;-0.022415908;0.09203625;0.178651673;0.132809844;
-0.005388245;0.233087905;0.059445878;0.224674721;0.073594041;0.094413823;0.263625197;0.058995619;-0.044340218;0.05494185;0.161469633;0.086483129;0.20533483;0.173000218;0.066600898;0.034587741;0.296948408;0.242035238;0.063737878;0.14437415;0.042100925;-0.029076567;0.094878;0.177399429;0.133100456;
-0.005461714;0.234423415;0.059752816;0.223624925;0.072732;0.092283211;0.261860299;0.062518884;-0.045259401;0.054976136;0.164264735;0.089723946;0.203986259;0.170738993;0.064261306;0.034284068;0.29765698;0.238353605;0.063357469;0.142957642;0.040303374;-0.036750099;0.097713218;0.176254939;0.133748619;
-0.005698449;0.236021782;0.060338939;0.222679619;0.072247102;0.090288109;0.260232544;0.067333707;-0.046052871;0.054378585;0.166935755;0.092757415;0.202689932;0.169034503;0.062163673;0.033933048;0.298683918;0.234745442;0.062724;0.143432834;0.038781741;-0.044784825;0.100526046;0.175273714;0.134688211;
-0.006109878;0.237969537;0.061194449;0.221729415;0.072101796;0.088443211;0.258748463;0.073221989;-0.046769605;0.053188381;0.16960351;0.09550517;0.20141483;0.167935728;0.060323347;0.033492231;0.300159837;0.231308707;0.061630122;0.145467166;0.037571946;-0.05248134;0.103307154;0.174530857;0.13583515;
-0.006704163;0.240341782;0.062340571;0.220707374;0.072214449;0.086704435;0.25738683;0.079830059;-0.047466748;0.051539401;0.172348;0.097962313;0.200123401;0.167462259;0.058628653;0.032925701;0.302159837;0.228141361;0.059865224;0.148720272;0.036703374;-0.059227525;0.106042315;0.174116163;0.137123313;
-0.007491102;0.243194027;0.063829551;0.219603701;0.072438122;0.08499668;0.256111728;0.086693155;-0.048198177;0.049638993;0.175195347;0.100182721;0.198784626;0.167591238;0.056837633;0.032220395;0.30467249;0.225339728;0.05725298;0.152920771;0.036195619;-0.064655782;0.108717067;0.174124327;0.138499639;
-0.008467429;0.246537701;0.065716898;0.218439619;0.072583429;0.083233415;0.254895401;0.093253389;-0.049014503;0.047717361;0.178117796;0.102246395;0.197378912;0.168242667;0.054584571;0.031376313;0.307590041;0.222972381;0.053690531;0.157869297;0.036047048;-0.068719456;0.111318116;0.174630449;0.13993066;
-0.009597224;0.250336884;0.068054857;0.217234721;0.07243649;0.081333007;0.253741116;0.098920007;-0.049948381;0.046007973;0.181050041;0.104217007;0.195901361;0.169292463;0.051532816;0.030411415;0.310724735;0.221081769;0.049192571;0.163401497;0.036236435;-0.07163619;0.113838;0.17565902;0.141402497;
-0.010810286;0.254501782;0.070861388;0.215984109;0.071799755;0.079249741;0.252688054;0.103126698;-0.051007973;0.044711646;0.183936571;0.106117415;0.194356871;0.170588789;0.04747151;0.029353456;0.313844735;0.219662993;0.043894612;0.169295918;0.036719701;-0.073806803;0.116279749;0.17717249;0.142927395;
-0.012008653;0.258893619;0.074116898;0.214640435;0.070501796;0.076980354;0.251799891;0.105466937;-0.052178585;0.043944299;0.186769224;0.107934558;0.192735646;0.17197981;0.042411265;0.028236721;0.316713306;0.218652381;0.038048082;0.17524517;0.037425007;-0.075730884;0.118650128;0.179068;0.144502905;
-0.013076408;0.26333117;0.077756082;0.213100844;0.068429959;0.074537905;0.25117785;0.105780663;-0.053414503;0.043718993;0.189593714;0.109625986;0.191008299;0.17334634;0.036611918;0.027090599;0.319136163;0.217934014;0.031986041;0.180855102;0.03826419;-0.077792925;0.12092558;0.181180653;0.146110252;
-0.013912327;0.267615252;0.081679347;0.211242884;0.065541796;0.071938721;0.250934585;0.104175724;-0.054635728;0.043954095;0.192499837;0.111145986;0.189120952;0.17461981;0.030603755;0.025946109;0.320994122;0.217357687;0.026069306;0.185622857;0.039147456;-0.080170068;0.12304593;0.183309633;0.147696374;
-0.014447837;0.271536884;0.085769143;0.208970231;0.061869959;0.069186068;0.251176218;0.101015123;-0.05575083;0.04448634;0.19560351;0.112471701;0.186993605;0.175782259;0.025060082;0.024831007;0.322249633;0.216745442;0.020626041;0.189037415;0.039989905;-0.082798639;0.124905755;0.185260653;0.149175558;
-0.014663347;0.274909946;0.089904653;0.206255129;0.057497714;0.066247293;0.251987646;0.096909088;-0.056666748;0.045105116;0.199001061;0.113621088;0.184542993;0.176864707;0.020703755;0.023771415;0.322933714;0.215924218;0.015912571;0.190724898;0.040732762;-0.085423129;0.126340857;0.186880245;0.150435966;
-0.014593143;0.277585864;0.093974857;0.203177578;0.052542612;0.06307668;0.253427646;0.092558855;-0.057306748;0.045596544;0.202720245;0.114654558;0.181708707;0.177924299;0.018078286;0.022788558;0.323124735;0.214747075;0.012070939;0.190561403;0.041354803;-0.087754558;0.127135959;0.188093306;0.151354333;
-0.014315592;0.279465048;0.097881796;0.199935129;0.047132;0.059631782;0.255499483;0.088642704;-0.057634912;0.04579083;0.206681061;0.115666803;0.178467891;0.179016544;0.017450694;0.02190366;0.322914122;0.213109524;0.009120735;0.188730281;0.041875619;-0.089576599;0.12710074;0.188916163;0.151822088;
-0.013922122;0.28050668;0.101549551;0.196805333;0.041398939;0.055895048;0.258160299;0.085699887;-0.057668789;0.045590422;0.210692082;0.116758639;0.174852381;0.180175728;0.018774694;0.021131415;0.322378204;0.210961361;0.006981551;0.185726352;0.042357252;-0.09078966;0.126110361;0.189450857;0.151771068;
-0.013504163;0.280741782;0.104918327;0.194108599;0.035468939;0.051913109;0.261312034;0.084048491;-0.057468687;0.04498032;0.214482592;0.118012415;0.170957891;0.181403891;0.021714878;0.020481211;0.321564224;0.208317381;0.005506347;0.182276862;0.042889905;-0.091483946;0.124153612;0.189864122;0.151181578;
-0.013131918;0.280270762;0.10794399;0.19212666;0.029486643;0.047795685;0.26480558;0.083772427;-0.057128355;0.044033202;0.217783179;0.119461267;0.166933452;0.18266481;0.025659291;0.019950497;0.320517362;0.205263835;0.004514995;0.179114911;0.043541844;-0.091896701;0.121325984;0.190327235;0.150109206;
-0.012844571;0.279235932;0.110588361;0.191027578;0.023582102;0.043706051;0.268468616;0.084737286;-0.056762139;0.042864759;0.220337473;0.121095663;0.162952891;0.183904095;0.02994469;0.019531755;0.319247065;0.201929779;0.003838983;0.176926658;0.044380041;-0.092317755;0.117879615;0.191002116;0.148668636;
-0.012650286;0.277907542;0.11280516;0.19071865;0.018127485;0.039888008;0.271991953;0.086519242;-0.056428765;0.041649057;0.222129728;0.122767629;0.159286046;0.185033466;0.033981126;0.019212475;0.317915255;0.198623448;0.003364316;0.175763493;0.045313312;-0.092852251;0.114167423;0.191838728;0.147072733;
-0.012537633;0.276420902;0.114612096;0.191163282;0.013162026;0.036492316;0.275261264;0.088790605;-0.056205042;0.040502378;0.223089576;0.124427212;0.156030648;0.186016466;0.037377257;0.018979217;0.316511369;0.195456504;0.002991614;0.175869307;0.046366951;-0.093683686;0.110521935;0.192902092;0.145441732;
-0.012482122;0.274904644;0.116030765;0.192183563;0.008727038;0.033648109;0.278185046;0.091208467;-0.056137225;0.039493112;0.223265305;0.126010671;0.153256911;0.186832155;0.039915604;0.018811317;0.315043042;0.192539865;0.002668593;0.1772629;0.047532164;-0.09487645;0.107257728;0.194192114;0.143900939;
-0.012461714;0.274044985;0.116795321;0.192795853;0.006304851;0.032060694;0.279795565;0.092615438;-0.056087815;0.038922744;0.223345469;0.126893765;0.151733584;0.187280879;0.041341457;0.018722865;0.314247045;0.190923085;0.002496569;0.178053477;0.048173153;-0.095527105;0.105380131;0.194897697;0.143024625;
-0.012456;0.273223176;0.117411128;0.193602202;0.004133503;0.030725599;0.281230435;0.093988626;-0.056108498;0.038446372;0.223133268;0.127715953;0.150432641;0.18764795;0.042320936;0.018654461;0.313451079;0.189452022;0.002329593;0.179307499;0.048834537;-0.09635288;0.103707354;0.195678371;0.142227071;
-0.012456;0.272497607;0.117878142;0.194466546;0.002290855;0.029682911;0.282433141;0.095203817;-0.056187781;0.038075876;0.222720906;0.128430709;0.14938578;0.187929807;0.042903324;0.018605606;0.31269896;0.188196454;0.002178103;0.18081534;0.049469292;-0.09724422;0.102358142;0.196465008;0.141558641;
