0.009574476;0.007752123;0.005307207;0.05826432;-0.008836109;0.066315184;0.016886765;0.066340027;-0.002209442;0.008042313;-0.012293769;-0.071296898;0.04838166;0.018812735;-0.03780419;-0.060241633;-0.100623412;0.034904571;-0.053049317;0.049391184;-0.051299989;0.003207374;-0.052512884;-0.057604762;
0.00830917;0.00885743;0.003742659;0.059181346;-0.007074476;0.067194095;0.019964316;0.069637986;-0.005180871;0.007782721;-0.013025197;-0.071811184;0.047929415;0.018946612;-0.040803374;-0.05714449;-0.104373616;0.03664498;-0.047632174;0.050431184;-0.048068269;0.004567374;-0.050664721;-0.056228435;
0.006878966;0.009923552;0.002073155;0.060604028;-0.005299782;0.068601986;0.022971663;0.072815129;-0.00852781;0.007617823;-0.014197442;-0.072423429;0.04787717;0.019616;-0.043413986;-0.054133878;-0.107307493;0.03801151;-0.042499113;0.051490776;-0.04382617;0.005755946;-0.048383905;-0.055433333;
0.00537366;0.010929266;0.000257644;0.062452891;-0.00346468;0.070676;0.025810847;0.075830639;-0.01221434;0.007583537;-0.015683156;-0.073270776;0.04830166;0.020832327;-0.045655619;-0.051252245;-0.109307493;0.039049878;-0.038109562;0.052605878;-0.038684946;0.006717578;-0.045915333;-0.05516068;
0.003910803;0.011876205;-0.001764513;0.064590034;-0.001567537;0.073489605;0.028442683;0.078632272;-0.016201279;0.007681497;-0.017281524;-0.074465878;0.049224109;0.022531918;-0.047547864;-0.048471837;-0.110323004;0.039885796;-0.03484197;0.05380098;-0.03284961;0.007439211;-0.043445129;-0.055291293;
0.002624272;0.012800287;-0.00408498;0.066826769;0.000327973;0.077024299;0.030878602;0.081161252;-0.020444544;0.007877415;-0.018757442;-0.076098531;0.050626558;0.024572735;-0.049085823;-0.045722449;-0.110373616;0.040713551;-0.032932093;0.055090776;-0.02661894;0.00796166;-0.041085946;-0.055670068;
0.001629986;0.013760287;-0.006805446;0.068949451;0.002101034;0.081163075;0.033183908;0.083370231;-0.024890259;0.008115782;-0.019877442;-0.078261796;0.052463293;0.026770286;-0.05022868;-0.042894694;-0.109529534;0.041763347;-0.032450133;0.056488327;-0.020362613;0.008376354;-0.038865537;-0.056179456;
0.001034068;0.014814981;-0.010058857;0.070715515;0.003594912;0.085684435;0.035438602;0.085237986;-0.029458422;0.008332925;-0.020440707;-0.081069959;0.054675537;0.02892049;-0.050898068;-0.039872653;-0.107877289;0.043252327;-0.033286052;0.058011592;-0.014448677;0.008818803;-0.036726762;-0.056765578;
0.000913252;0.016006817;-0.013986554;0.071898722;0.004654503;0.090284163;0.037706357;0.086777578;-0.034033116;0.008470068;-0.020316626;-0.084663429;0.057191456;0.030829061;-0.050994395;-0.036563265;-0.105509942;0.045335592;-0.035189725;0.059680163;-0.009214158;0.009435946;-0.034592884;-0.057470884;
0.00130019;0.017348858;-0.018658274;0.07231155;0.005170422;0.094601442;0.040014928;0.088044517;-0.038467401;0.008483129;-0.019459483;-0.089182612;0.05993268;0.032337633;-0.05041317;-0.032902857;-0.102505861;0.048089878;-0.037821562;0.061523429;-0.004876199;0.010340435;-0.032392068;-0.058439048;
0.00218019;0.018816613;-0.024041131;0.071832483;0.005108381;0.098273823;0.042339826;0.089133497;-0.042599646;0.008341088;-0.017897034;-0.094745061;0.062807782;0.033346612;-0.049079293;-0.028862041;-0.098928718;0.051492327;-0.04080899;0.063590367;-0.001510835;0.011571456;-0.030085129;-0.059887211;
0.003487946;0.020356205;-0.029968362;0.070414407;0.004505932;0.100979673;0.044580915;0.09015717;-0.046281279;0.008019456;-0.015733769;-0.101394857;0.065728599;0.033808653;-0.046965007;-0.024470204;-0.09484382;0.055430286;-0.043784011;0.065944653;0.000955171;0.013070231;-0.027676966;-0.062032517;
0.005086313;0.021900695;-0.036103405;0.068093008;0.003451238;0.102498041;0.046585268;0.091226558;-0.049401279;0.007487211;-0.013146014;-0.109069959;0.068600435;0.033736816;-0.044098068;-0.019797551;-0.090334432;0.059725796;-0.046446868;0.06866302;0.002731264;0.014679211;-0.025210027;-0.065059456;
0.006792435;0.02339294;-0.041971627;0.064963678;0.002042259;0.102734776;0.048153704;0.092437986;-0.051905769;0.006708435;-0.01036234;-0.117595673;0.071338395;0.033202939;-0.040558476;-0.014948571;-0.085511575;0.064176408;-0.048595439;0.071828735;0.00412555;0.016216082;-0.022728395;-0.069002313;
0.008397333;0.024811715;-0.047020723;0.061166594;0.00035083;0.101739401;0.049065813;0.093856762;-0.053802912;0.005643946;-0.007655401;-0.126705878;0.073888599;0.032319673;-0.036476844;-0.010060408;-0.080531983;0.068591102;-0.050125235;0.075521796;0.005442868;0.017508054;-0.020289211;-0.073727211;
0.009688762;0.026183144;-0.05069909;0.056857089;-0.00160019;0.099684435;0.049117513;0.095510639;-0.055146585;0.004264354;-0.005314177;-0.136051184;0.076224925;0.031230694;-0.032009905;-0.005278367;-0.075585044;0.072831102;-0.051018297;0.079804245;0.006945608;0.018452272;-0.017928395;-0.078928844;
0.010490395;0.027574164;-0.052632152;0.052197264;-0.003830395;0.096845796;0.048167309;0.097402884;-0.055995565;0.00257619;-0.00361132;-0.145272408;0.078335946;0.030102531;-0.027327456;-0.000724898;-0.070865044;0.07681151;-0.051323603;0.084700571;0.008794704;0.019084381;-0.015663905;-0.084164762;
0.010691211;0.029084368;-0.052656641;0.04734432;-0.006377333;0.093554912;0.046168942;0.09951717;-0.05611932;0.000641497;-0.002790095;-0.154026694;0.080244517;0.029093551;-0.022584599;0.003511837;-0.066538514;0.080509469;-0.051127684;0.090166694;0.011034938;0.019605469;-0.013503905;-0.08889619;
0.010243864;0.030826409;-0.050842764;0.042453824;-0.009244272;0.090162803;0.043216561;0.101825741;-0.055264136;-0.001436871;-0.003018667;-0.162020163;0.081986558;0.028327837;-0.017907048;0.00741551;-0.062709942;0.083952735;-0.050539929;0.096078531;0.013598203;0.020340707;-0.011454925;-0.092615374;
0.009169578;0.03288845;-0.047500723;0.037681346;-0.012359374;0.086993823;0.039531119;0.104295946;-0.053144952;-0.003521769;-0.004336218;-0.169034041;0.083641342;0.027875592;-0.013382966;0.011043265;-0.059394024;0.087191918;-0.049681154;0.102220571;0.016321468;0.021697986;-0.009508803;-0.094891293;
0.00754019;0.035303144;-0.043102356;0.033206944;-0.015554476;0.084317905;0.035442411;0.106885333;-0.049446993;-0.005466259;-0.006677442;-0.174929551;0.085320073;0.02772702;-0.009061333;0.014497959;-0.056517289;0.090271102;-0.048691766;0.108284245;0.018982693;0.024006014;-0.007662272;-0.095443129;
0.005445497;0.038041103;-0.038112968;0.029236798;-0.01857815;0.082339129;0.031345541;0.109531864;-0.043858422;-0.007152789;-0.009885605;-0.179618531;0.08714302;0.027795592;-0.004945415;0.017911837;-0.053949126;0.093226204;-0.047744827;0.113889143;0.02135004;0.027462068;-0.005900639;-0.094159864;
0.002978558;0.041009266;-0.032940723;0.026006244;-0.021125088;0.081193007;0.027640507;0.112162068;-0.036377605;-0.008513878;-0.013728871;-0.183099347;0.08925912;0.027942531;-0.001017252;0.02141551;-0.051545861;0.096071918;-0.04702646;0.118632;0.023207999;0.032086286;-0.004181456;-0.091098639;
0.00022917;0.044062328;-0.027832152;0.023759947;-0.022903048;0.08093668;0.024662547;0.114682884;-0.027060054;-0.00951932;-0.017965605;-0.18542098;0.091875356;0.028004571;0.002749279;0.025072653;-0.049207902;0.098809878;-0.046711358;0.122140571;0.024393305;0.037687374;-0.002429269;-0.086448844;
-0.002724299;0.047025593;-0.02285256;0.022732075;-0.023699782;0.081563619;0.022642956;0.116986558;-0.016556218;-0.010187619;-0.022406422;-0.186674857;0.095190549;0.027834776;0.006378667;0.028871837;-0.046935249;0.10144498;-0.046938297;0.124125878;0.024812897;0.043887646;-0.000543438;-0.080502721;
-0.005810014;0.049729266;-0.017907254;0.023105253;-0.023427129;0.083031374;0.021680779;0.118965333;-0.00554332;-0.010532109;-0.02692234;-0.186998122;0.099384109;0.027346612;0.00987581;0.032729796;-0.044847085;0.103996816;-0.047764419;0.124427918;0.02444555;0.050240844;0.001598952;-0.073594966;
-0.008949605;0.052031307;-0.012806845;0.024984203;-0.022137333;0.085268109;0.021761867;0.12052615;0.005289333;-0.010521769;-0.031478667;-0.186563837;0.104533134;0.026531918;0.013212952;0.036502857;-0.043162187;0.106511102;-0.04913095;0.123041796;0.023358203;0.056284653;0.00412385;-0.06606517;
-0.012051646;0.053835389;-0.00733256;0.028355165;-0.020023048;0.088179129;0.022773568;0.12159717;0.015285741;-0.010095646;-0.036221524;-0.185559755;0.110589551;0.025464163;0.01633132;0.040034286;-0.0421728;0.109061306;-0.050863195;0.120124245;0.021707591;0.061645741;0.007134463;-0.058239864;
-0.015013279;0.055092532;-0.001342356;0.03308776;-0.017368354;0.091658313;0.024542819;0.122150639;0.023859129;-0.00916966;-0.041283565;-0.18419649;0.117373587;0.024285388;0.019141116;0.043203265;-0.0421728;0.111730694;-0.052693399;0.115957714;0.019723917;0.066070776;0.010694579;-0.050399864;
-0.017725116;0.055804368;0.00519642;0.038942687;-0.014489986;0.095591374;0.026888398;0.122202884;0.031039537;-0.007644762;-0.046762748;-0.18267649;0.124575401;0.023171918;0.02153785;0.045947755;-0.0433728;0.114600898;-0.054324419;0.110911184;0.017692897;0.069452544;0.014808632;-0.042759048;
-0.020081034;0.056013348;0.012190706;0.045607177;-0.011688354;0.099837905;0.02965901;0.121817578;0.036899129;-0.005505986;-0.05269132;-0.181207102;0.131772862;0.022296816;0.02342683;0.048306939;-0.045856065;0.11774049;-0.055503195;0.105389551;0.01591657;0.071841388;0.019428807;-0.03544966;
-0.021989605;0.05579294;0.019433155;0.05272881;-0.009201823;0.104236272;0.03274799;0.121107374;0.041813741;-0.00283551;-0.058995401;-0.180008735;0.138548735;0.021802122;0.02473785;0.0504;-0.049558922;0.121177224;-0.056084419;0.099792816;0.014665958;0.073415537;0.024463792;-0.028522313;
-0.023382259;0.055226409;0.026634787;0.059980121;-0.007178966;0.108590558;0.036109622;0.120220844;0.04616117;0.000196327;-0.065418259;-0.179290367;0.144532771;0.021779265;0.025444789;0.052382041;-0.054270759;0.124894776;-0.05607299;0.094470367;0.014143806;0.074421796;0.029782626;-0.02193619;
-0.024216544;0.054400287;0.033493628;0.067101987;-0.005689986;0.112666204;0.039747173;0.119319619;0.050304844;0.003329932;-0.071681116;-0.179228327;0.14946683;0.022264163;0.025585197;0.054429388;-0.059689534;0.128836;-0.055622378;0.08970302;0.014448964;0.075148871;0.035231955;-0.015580272;
-0.024484299;0.053402736;0.039750281;0.073953299;-0.00473815;0.116217769;0.043703092;0.118573497;0.054543864;0.006286667;-0.077266014;-0.179946694;0.153216308;0.023250286;0.025270095;0.056705306;-0.065485453;0.132911102;-0.054987276;0.085678531;0.01555709;0.075893905;0.040681052;-0.009283129;
-0.024203483;0.052315389;0.04521575;0.080513299;-0.004287537;0.119006884;0.048032887;0.118137578;0.059114639;0.008855918;-0.081757034;-0.18147649;0.155768508;0.024698449;0.02468234;0.05931102;-0.07135484;0.137012327;-0.054464827;0.082491592;0.017347071;0.07695268;0.046027407;-0.002860272;
-0.023423075;0.051203552;0.049815587;0.086874116;-0.004300599;0.12081151;0.052767581;0.118131048;0.063930966;0.010921224;-0.084853361;-0.183734449;0.157222839;0.026543347;0.024053769;0.062293878;-0.077082187;0.141031918;-0.05431299;0.080129143;0.019629075;0.078567374;0.0512056;0.003859728;
-0.022229605;0.050127634;0.053609546;0.093202279;-0.004757741;0.121492871;0.057881051;0.118633905;0.068889333;0.012494286;-0.086354585;-0.18651649;0.157743837;0.028700082;0.023634177;0.065644082;-0.082558106;0.144873551;-0.054690133;0.078473633;0.0221867;0.08087268;0.056166766;0.010992789;
-0.020748789;0.049144777;0.056749073;0.09968881;-0.005655701;0.121025932;0.063278602;0.119678803;0.073878721;0.013701905;-0.086168463;-0.189515673;0.157478077;0.031064163;0.023665197;0.069297959;-0.087769534;0.148475184;-0.055633807;0.077324245;0.024825661;0.083883293;0.060818591;0.018573197;
-0.019132463;0.048299062;0.059451114;0.106475748;-0.007018966;0.119512463;0.068782275;0.121249415;0.078817497;0.014730476;-0.084534585;-0.192385878;0.156547828;0.033508245;0.024332952;0.073155918;-0.09278831;0.151812327;-0.057062378;0.076431184;0.027410448;0.087483293;0.065011664;0.02652585;
-0.017563483;0.047631307;0.061968534;0.113612075;-0.008878558;0.117202803;0.074148806;0.123293497;0.083661578;0.015792245;-0.081715401;-0.194803837;0.155058122;0.035891918;0.025719075;0.07708898;-0.097738514;0.154881714;-0.058789725;0.075523429;0.029869966;0.091434313;0.068530031;0.03467932;
-0.016231238;0.04718396;0.064519718;0.121009626;-0.011242639;0.11446702;0.079102275;0.125724517;0.088415537;0.01706898;-0.078108871;-0.196521388;0.153106558;0.038069878;0.027789279;0.080951837;-0.10273933;0.15768498;-0.06057748;0.07436098;0.032198277;0.09542615;0.071070323;0.042757687;
-0.015313687;0.046997838;0.067258983;0.128452891;-0.014078558;0.111729605;0.083384724;0.128424925;0.09309668;0.018675782;-0.07408683;-0.197412816;0.150789823;0.039906612;0.03041132;0.08461551;-0.10788382;0.160213959;-0.062182378;0.072780571;0.034427888;0.099115946;0.072267874;0.050424626;
-0.014956136;0.047110491;0.07028135;0.135625136;-0.017314476;0.109429741;0.086801867;0.131269007;0.097721986;0.020662177;-0.070007646;-0.197491184;0.148211864;0.041304163;0.033374585;0.087965714;-0.113216065;0.162426204;-0.063398705;0.070723429;0.03660273;0.10220819;0.071777914;0.057327483;
-0.015263075;0.047551307;0.073604452;0.142157381;-0.020829578;0.107929878;0.089272071;0.134122884;0.102295048;0.023013741;-0.066212952;-0.196885469;0.145486966;0.042221714;0.036422748;0.090919184;-0.118719738;0.164225388;-0.064086052;0.068249959;0.038757238;0.104531456;0.069333063;0.063144249;
-0.016278585;0.048321919;0.077194787;0.147706769;-0.024486721;0.107449878;0.09082799;0.136849415;0.106789741;0.025650476;-0.062999483;-0.195801388;0.142747374;0.042685388;0.039302748;0.093438367;-0.124326269;0.165480898;-0.064187276;0.065525061;0.040901951;0.106051456;0.064883057;0.067628896;
-0.017997769;0.049394572;0.080993971;0.152043095;-0.02816019;0.108042531;0.091616561;0.13932615;0.111135864;0.028430884;-0.060470503;-0.19446751;0.140126966;0.042794776;0.041774585;0.095528163;-0.129934432;0.166063755;-0.063723603;0.062792;0.043017572;0.10686615;0.058615629;0.070671408;
-0.020365116;0.05069743;0.084930363;0.155070034;-0.031758558;0.109602259;0.091864724;0.141456762;0.115240354;0.031147619;-0.058672952;-0.193096082;0.137740027;0.042709878;0.043655401;0.097213061;-0.13542831;0.165880898;-0.062783195;0.060329959;0.045063732;0.107194313;0.050953238;0.07230067;
-0.023289197;0.052108042;0.088942118;0.156856156;-0.035236109;0.111893415;0.091833704;0.143174313;0.119006884;0.033550884;-0.05757785;-0.191858531;0.135666558;0.042620082;0.044814585;0.098520816;-0.140706677;0.164914367;-0.061467276;0.058396898;0.046996496;0.107303701;0.042545658;0.072690623;
-0.026649197;0.053471307;0.092995342;0.157628401;-0.038597741;0.114623755;0.091758602;0.144441252;0.122368517;0.035371293;-0.057080299;-0.190872408;0.133963701;0.042719673;0.045139483;0.099456327;-0.145696065;0.163249061;-0.059862378;0.057183837;0.048777127;0.107452272;0.034218661;0.072144312;
-0.030307973;0.054625593;0.097064567;0.157708401;-0.041821298;0.117496136;0.091825541;0.145217741;0.125313823;0.036344354;-0.056995401;-0.190204653;0.132654313;0.043175184;0.044525605;0.100004898;-0.150355657;0.161067837;-0.058020746;0.056801796;0.050394492;0.107844109;0.026788084;0.071027326;
-0.034108789;0.055425593;0.10113771;0.157460238;-0.044844505;0.120277088;0.092130847;0.145458395;0.127893415;0.03628068;-0.057103973;-0.189881388;0.131728599;0.044104163;0.042902748;0.100122449;-0.154693616;0.158638449;-0.055935848;0.057258939;0.051859131;0.108595129;0.020984375;0.069711784;
-0.037893279;0.055788042;0.105214379;0.157241463;-0.047533951;0.122815864;0.092694112;0.145102476;0.130213415;0.035137823;-0.057205197;-0.189891184;0.131152272;0.045568653;0.040166422;0.099771429;-0.158768718;0.156256408;-0.053521154;0.058467102;0.053207108;0.109741252;0.01733276;0.068536651;
-0.041504707;0.055721103;0.109294379;0.157336156;-0.049652435;0.125047701;0.093464724;0.144054313;0.132417497;0.033028435;-0.057144381;-0.190188327;0.130876354;0.047576816;0.036308463;0.09896;-0.162682187;0.154169878;-0.050665644;0.060271184;0.054492155;0.111257986;0.016097728;0.067746824;
-0.044799401;0.055332532;0.113374379;0.157932075;-0.050857333;0.126972599;0.094344724;0.142183293;0.134652599;0.030217007;-0.056819483;-0.190689551;0.130830639;0.050082939;0.031439891;0.097771429;-0.166569534;0.15254702;-0.047268093;0.062480163;0.055784325;0.113065333;0.01726181;0.067466133;
-0.04765981;0.054828042;0.117454379;0.159122162;-0.050779899;0.128637905;0.095201867;0.139379048;0.137037905;0.027087211;-0.056217034;-0.191270776;0.13094166;0.053015184;0.025794721;0.096365714;-0.170597289;0.15145151;-0.043289317;0.064901388;0.057138092;0.115073497;0.02051592;0.067724218;
-0.050012463;0.054473756;0.121534379;0.16088811;-0.049054651;0.130113823;0.095907173;0.135577578;0.139645252;0.024048844;-0.055394177;-0.191783429;0.131135946;0.056283755;0.01973649;0.094982857;-0.174927085;0.150819673;-0.038771766;0.067387918;0.058603175;0.117207374;0.025289098;0.068462302;
-0.051827973;0.054550491;0.125614379;0.16314432;-0.045470744;0.131483619;0.096321867;0.130818068;0.142482803;0.021446395;-0.054452136;-0.192072408;0.131344925;0.059792327;0.01377785;0.093884082;-0.179678106;0.150498041;-0.033854215;0.069848327;0.060208964;0.119398395;0.030890451;0.069567106;
-0.053121034;0.05531294;0.129682885;0.165762279;-0.040006255;0.132819129;0.096313704;0.125259211;0.145493415;0.01950517;-0.053503565;-0.191992408;0.13152615;0.063452735;0.008415129;0.09330449;-0.184891167;0.150287429;-0.028747276;0.072259755;0.061976682;0.12159268;0.036574463;0.070920701;
-0.053937361;0.056945593;0.133731538;0.168588401;-0.032852669;0.134180762;0.095761867;0.119175946;0.148575864;0.018285578;-0.052646422;-0.191435673;0.131679619;0.067194776;0.004156082;0.093382857;-0.190496065;0.149967429;-0.023710541;0.074666286;0.063910337;0.123754313;0.041609565;0.072429147;
-0.054342259;0.059536613;0.137756681;0.171468635;-0.024414884;0.135615864;0.09457003;0.112927782;0.151602803;0.017701088;-0.051949279;-0.190361388;0.131833088;0.070949878;0.00136751;0.094114286;-0.196288718;0.149330694;-0.018966052;0.077138122;0.066006218;0.125847374;0.045389156;0.07404786;
-0.054407565;0.063087634;0.141762559;0.17428776;-0.015278558;0.137148925;0.092669622;0.106934313;0.154438721;0.017573741;-0.051462748;-0.188807102;0.132050231;0.074665796;0.000234449;0.095345306;-0.201960555;0.148200898;-0.014673807;0.07972751;0.068250967;0.127847374;0.047500177;0.075802836;
-0.054196952;0.067518654;0.145764518;0.176951783;-0.006058733;0.138781578;0.090047581;0.101564844;0.156969333;0.017697823;-0.05118683;-0.186885469;0.132425741;0.078296816;0.00076234;0.096809796;-0.207152391;0.146431102;-0.010915439;0.082458939;0.070638203;0.129736354;0.047766299;0.077768676;
-0.053761034;0.07270396;0.149816828;0.179409509;0.002632812;0.140499129;0.086746357;0.097087782;0.159124435;0.017908435;-0.051085605;-0.184769551;0.133034721;0.081798857;0.002810231;0.098163265;-0.211524636;0.143920082;-0.007700746;0.085285061;0.073142693;0.131497986;0.046256095;0.080073752;
-0.053147156;0.078496613;0.153981726;0.181649626;0.010329139;0.14227219;0.082872071;0.093632435;0.160882803;0.018138639;-0.05110683;-0.182658531;0.13390166;0.085136;0.006066286;0.09907102;-0.214856881;0.140615592;-0.00497095;0.088075265;0.07572555;0.133140435;0.043229156;0.08289619;
-0.052394503;0.084741511;0.158344306;0.183699305;0.01675876;0.144073007;0.078586357;0.09117268;0.162280354;0.018419456;-0.051170503;-0.180741796;0.134982476;0.088293551;0.010228463;0.099273469;-0.217105044;0.136516;-0.002649317;0.090645061;0.078327999;0.134694721;0.039078952;0.086423935;
-0.051525932;0.091290083;0.162975163;0.185599947;0.021873396;0.145888517;0.074081867;0.089535129;0.16341015;0.018855374;-0.051167238;-0.17915649;0.136138395;0.091269878;0.015002884;0.098618776;-0.218399738;0.131680082;-0.000662378;0.092788735;0.08087004;0.136190985;0.034275687;0.090829503;
-0.050543075;0.098011715;0.167915897;0.187406944;0.025847973;0.147710558;0.069536561;0.088464109;0.164415864;0.019580272;-0.050992544;-0.177954857;0.137142476;0.094096;0.020139211;0.097074286;-0.219002187;0.126231918;0.001042112;0.094312;0.083250448;0.137670671;0.029266707;0.096256546;
-0.049416544;0.104780695;0.173144959;0.189166594;0.029052871;0.149529333;0.065082683;0.087670639;0.165487864;0.020700272;-0.05054683;-0.177084653;0.137723701;0.096827429;0.025427374;0.094710204;-0.219232391;0.120349469;0.002511499;0.095097306;0.08535657;0.139179117;0.024411197;0.102792705;
-0.048076136;0.111489266;0.178585938;0.190915865;0.031918877;0.151326884;0.060780643;0.086921905;0.166838721;0.022244762;-0.049758259;-0.176415265;0.137601252;0.099536;0.030689959;0.091657143;-0.219338514;0.114254776;0.003791499;0.095120163;0.087072489;0.14074345;0.019945891;0.110394987;
-0.046415728;0.118042736;0.184063359;0.192670734;0.034893104;0.153060762;0.056610847;0.086095129;0.168677088;0.024156599;-0.048599075;-0.175755673;0.136569415;0.102300082;0.035740299;0.088075102;-0.219429942;0.108179673;0.004947418;0.094462204;0.088305142;0.142378238;0.015972014;0.11885872;
-0.044303075;0.124364368;0.189369481;0.19443085;0.038346632;0.154654231;0.052488398;0.085185741;0.171194639;0.026303537;-0.047079075;-0.17488098;0.13456615;0.105180082;0.040411864;0.08411102;-0.219441371;0.102338041;0.006064152;0.093301388;0.088992489;0.144079839;0.012484667;0.127817677;
-0.041612463;0.130403552;0.194283701;0.196184436;0.042522259;0.156004435;0.048315336;0.084307374;0.174543211;0.028505986;-0.045248871;-0.173570367;0.131687782;0.108185796;0.044520163;0.079874286;-0.219150759;0.096898041;0.007239663;0.091864653;0.089105142;0.145822382;0.009413646;0.13677622;
-0.038262259;0.136130899;0.198621334;0.197929509;0.04751981;0.157006884;0.044037785;0.083670639;0.17880019;0.030585986;-0.043199891;-0.171644272;0.128187374;0.111274776;0.047888871;0.075431293;-0.218256065;0.091967429;0.008565377;0.090365878;0.08866106;0.147573465;0.006660993;0.1451235;
-0.034236136;0.141518654;0.202259538;0.199683678;0.053301034;0.157589741;0.039688398;0.083523701;0.183960354;0.03241619;-0.041036626;-0.168967646;0.124460027;0.114337633;0.050381932;0.070798367;-0.216517289;0.087582122;0.010114765;0.088981388;0.087723917;0.149293528;0.004143442;0.152240298;
-0.029596136;0.14654396;0.205189497;0.201492308;0.05971083;0.157738313;0.035414112;0.084082068;0.189920844;0.033945986;-0.038873361;-0.165459755;0.12094819;0.117201306;0.051936218;0.065936463;-0.213818514;0.083719265;0.011913948;0.08780098;0.08639657;0.150935223;0.001820177;0.157550795;
-0.024484299;0.151172532;0.207486967;0.203434815;0.066556544;0.157506476;0.031471255;0.085463293;0.196487701;0.03520966;-0.036837442;-0.161079075;0.118056762;0.119663347;0.05257785;0.060767483;-0.210233208;0.080310286;0.013943336;0.086809959;0.084811264;0.152469666;-0.000308803;0.160683751;
-0.019091646;0.155357021;0.209302542;0.205619538;0.073645524;0.157019946;0.028178194;0.087665741;0.203395456;0.036318231;-0.035056218;-0.15580166;0.11609268;0.121526204;0.05243581;0.055175918;-0.206040555;0.077268653;0.016137622;0.085905469;0.083123101;0.153883293;-0.002191252;0.161500622;
-0.013617361;0.159043552;0.210806216;0.208154116;0.080816136;0.156461578;0.025853296;0.090576762;0.210335864;0.037431701;-0.033652136;-0.149670748;0.115219211;0.122634776;0.05171581;0.049017551;-0.201656881;0.074502939;0.018392316;0.084932408;0.081487183;0.155172837;-0.003778701;0.160110262;
-0.008236136;0.162184777;0.212144991;0.211115865;0.087949197;0.156037088;0.024738194;0.093990639;0.21699219;0.038718231;-0.03273785;-0.142820571;0.115444517;0.122915592;0.050670912;0.042181361;-0.197516473;0.071936408;0.020586601;0.083714449;0.08004555;0.156355883;-0.005046048;0.156830923;
-0.003067156;0.164754572;0.213390706;0.214535224;0.094953279;0.155932599;0.024934112;0.097659211;0.223092109;0.040301905;-0.032399891;-0.135482014;0.116655946;0.122388245;0.049560707;0.034637279;-0.194003004;0.069510286;0.022604561;0.08210302;0.078902693;0.157475632;-0.006001354;0.152186608;
0.001830803;0.166775797;0.214522134;0.218378022;0.101738585;0.15629015;0.02641003;0.101350639;0.228438721;0.042230068;-0.03268234;-0.127992408;0.118659211;0.121168653;0.048612136;0.026473197;-0.191369534;0.06718049;0.024330275;0.080005061;0.078110856;0.15859425;-0.006694007;0.146707191;
0.006447946;0.168315389;0.215413563;0.222540821;0.108207156;0.157199537;0.029019418;0.104875537;0.232934395;0.044453741;-0.033572136;-0.120785197;0.12123717;0.119459265;0.047981932;0.017934966;-0.189709126;0.064894776;0.025660887;0.07740098;0.077653713;0.159794376;-0.007235946;0.140891759;
0.010800599;0.169482736;0.215862542;0.226872075;0.114243075;0.158685252;0.032529622;0.108106558;0.236584027;0.04681619;-0.034992544;-0.11430751;0.124202068;0.117503347;0.047740299;0.009421497;-0.188980963;0.062596;0.026514765;0.074341388;0.077459428;0.161170953;-0.007750537;0.135111623;
0.014908354;0.170424777;0.215633971;0.231203095;0.119743483;0.160701578;0.036698602;0.110966966;0.239480354;0.049069252;-0.036803156;-0.108968054;0.127415129;0.115550694;0.047870912;0.001423401;-0.189051167;0.060222122;0.026826601;0.070922612;0.077402285;0.162816417;-0.00839217;0.129626647;
0.018766313;0.171309675;0.214502542;0.235383912;0.124649605;0.163160354;0.041353296;0.11341268;0.241775864;0.05092068;-0.038816218;-0.105010558;0.130784925;0.113828245;0.048283973;-0.005514558;-0.189746677;0.057757469;0.026558846;0.067254041;0.077333713;0.16480436;-0.00928319;0.124579572;
0.022343456;0.172290899;0.212285399;0.239313999;0.128971238;0.165950558;0.04635003;0.115415946;0.243641986;0.052083129;-0.040827646;-0.102458395;0.134260844;0.112500898;0.048839075;-0.010935238;-0.190917289;0.055227837;0.025704969;0.063438531;0.07711657;0.167166558;-0.010507374;0.120050282;
0.025584272;0.173487634;0.20888295;0.242950151;0.132809605;0.168948109;0.051565949;0.116952272;0.245234476;0.052334558;-0.042644789;-0.101122912;0.137808599;0.111658449;0.049389279;-0.014545034;-0.192447085;0.05273151;0.024289459;0.059549551;0.076657795;0.169876511;-0.01210666;0.116062566;
0.028429986;0.174963552;0.204288665;0.246298605;0.136367156;0.172040354;0.056858194;0.117993905;0.246673823;0.051568844;-0.044109279;-0.100630095;0.141385741;0.11132702;0.049808871;-0.016240544;-0.194236473;0.050457224;0.022369459;0.055611592;0.075918203;0.172846055;-0.014084415;0.112698989;
0.030836517;0.176723552;0.198577644;0.249407177;0.139900218;0.175142395;0.062025541;0.118531048;0.248038721;0.049821905;-0.045126422;-0.100477714;0.144931864;0.111469061;0.05001785;-0.016125306;-0.196215249;0.048698857;0.020033132;0.051614857;0.074933713;0.175935914;-0.01637768;0.110069874;
0.032795701;0.17870396;0.191898461;0.252332075;0.143678177;0.178198721;0.066782275;0.118584925;0.249369333;0.047278231;-0.045668463;-0.100186694;0.148370231;0.112002939;0.049991728;-0.014491837;-0.198313208;0.047774122;0.017388234;0.047533224;0.073792489;0.178963732;-0.018923497;0.10831897;
0.034332027;0.180779062;0.184453563;0.255109626;0.147931238;0.181189741;0.070797785;0.118217578;0.250678721;0.044241497;-0.045769687;-0.099388599;0.151614313;0.112822531;0.049758259;-0.011682585;-0.20041933;0.047998449;0.014563744;0.043338939;0.072616979;0.181738489;-0.021647476;0.107580311;
0.035515701;0.182787226;0.176468257;0.257752483;0.152807973;0.184125252;0.073699826;0.117533497;0.251960354;0.041064354;-0.045519891;-0.097877687;0.154582476;0.113803755;0.049392544;-0.008050748;-0.20239484;0.049549796;0.011704969;0.039020571;0.071532897;0.184096542;-0.024485537;0.107962818;
0.036454476;0.184561919;0.168169481;0.260256973;0.158352463;0.187029741;0.075225541;0.116664925;0.25320117;0.038081497;-0.045041524;-0.095617578;0.157209415;0.114814367;0.049008871;-0.003870612;-0.204109126;0.05246049;0.00897354;0.034610776;0.070646366;0.185927123;-0.027385537;0.109498912;
0.037277333;0.185957838;0.159766216;0.262603912;0.16451083;0.189937497;0.07526799;0.115749007;0.254384844;0.035547619;-0.044465197;-0.092684653;0.159449415;0.115730286;0.048732952;0.00069932;-0.205408718;0.056592735;0.00654252;0.030178122;0.070024325;0.18717987;-0.030326354;0.11214241;
0.03811815;0.186883552;0.15143642;0.264777789;0.171142667;0.192871374;0.073900643;0.114914721;0.255488952;0.03358517;-0.043918259;-0.089209823;0.161281252;0.116442122;0.048692136;0.0056;-0.206169534;0.061658857;0.004586601;0.025830367;0.069704325;0.187878897;-0.03329666;0.115743576;
0.039123864;0.187316205;0.143320501;0.266776156;0.178066748;0.195823211;0.071384316;0.11426819;0.256485415;0.03216966;-0.043501932;-0.085327918;0.16270819;0.116879673;0.049012136;0.010840816;-0.206329534;0.067249061;0.003270683;0.021704653;0.069689632;0.188104077;-0.03629166;0.120119786;
0.040425088;0.187304777;0.135508257;0.268613707;0.185088789;0.198748925;0.068157377;0.113887782;0.257340925;0.03116068;-0.043283156;-0.081120571;0.163749823;0.117026612;0.049782748;0.01648;-0.205890351;0.072983366;0.002728642;0.017959347;0.069975346;0.187970702;-0.039306048;0.125064159;
0.042126313;0.186955389;0.128042134;0.27031983;0.192014503;0.201566884;0.064689622;0.113829007;0.258022286;0.030345986;-0.043301116;-0.076607374;0.164433905;0.11692702;0.051036626;0.022538776;-0.204936881;0.078528684;0.003043744;0.014765878;0.07055657;0.187605741;-0.042330741;0.130367483;
0.044292844;0.186382328;0.120927032;0.271927993;0.198664299;0.20416117;0.061434928;0.114129415;0.258505007;0.02950517;-0.043567238;-0.071785061;0.164797986;0.116682122;0.052744381;0.028989388;-0.203665044;0.083668804;0.004230683;0.012318531;0.071433305;0.187129007;-0.045333803;0.135835238;
0.046941007;0.185685185;0.114141726;0.273461871;0.204889605;0.206406068;0.058726357;0.114808599;0.258784299;0.028460272;-0.044071728;-0.066655265;0.164884517;0.116437224;0.05481132;0.035743673;-0.202316473;0.088287177;0.006227418;0.010798531;0.072599019;0.186631048;-0.048273497;0.141332381;
0.050031619;0.184927634;0.107632338;0.274941054;0.210572871;0.208187293;0.056746357;0.11586819;0.258882803;0.027114966;-0.044798259;-0.061262612;0.164739211;0.116339265;0.057090503;0.042651429;-0.201217698;0.092349721;0.008901703;0.010364245;0.074029223;0.18617717;-0.051082986;0.146762352;
0.053483048;0.18411294;0.101341726;0.276380238;0.215635728;0.209419946;0.055528398;0.117280435;0.258846014;0.025461088;-0.045723973;-0.05572302;0.164409415;0.116502531;0.059413769;0.049534694;-0.200721371;0.095866832;0.012080479;0.011131592;0.075656979;0.185798395;-0.05368666;0.152077104;
0.057166313;0.183190491;0.095245399;0.277791667;0.220053687;0.210061578;0.054984724;0.118994721;0.258729551;0.023570476;-0.046821116;-0.05020302;0.163940844;0.116971102;0.061614585;0.056223673;-0.201100146;0.098856722;0.015575989;0.013123429;0.077377795;0.185493088;-0.056039313;0.157250748;
0.060945252;0.182096613;0.089354787;0.279195748;0.223862667;0.210126884;0.054924316;0.120949007;0.25859785;0.021550884;-0.048057034;-0.044877306;0.163371048;0.117704163;0.063577034;0.062579592;-0.202530351;0.10127654;0.019233132;0.016222204;0.079038203;0.185236762;-0.058096762;0.162274422;
0.064705252;0.180772532;0.083699277;0.280620646;0.227155728;0.209687701;0.055144724;0.123077986;0.258511864;0.019514966;-0.049390912;-0.039891184;0.162724517;0.118576;0.065233197;0.068515918;-0.205088718;0.103052766;0.022957214;0.020173224;0.080452081;0.184988599;-0.059833803;0.167133197;
0.068362395;0.17920845;0.07837193;0.282092075;0.230063483;0.208853415;0.055456561;0.125327782;0.258513497;0.017539456;-0.050773769;-0.035321388;0.162001252;0.119410286;0.066556626;0.074006531;-0.208656065;0.104109972;0.026722112;0.02457649;0.081428407;0.184689823;-0.061287272;0.171797687;
0.071875864;0.177461511;0.073496828;0.28362432;0.232729605;0.207748109;0.055719418;0.127680435;0.258624844;0.015655374;-0.052151728;-0.031154857;0.161176762;0.120017633;0.067539483;0.079091701;-0.212990759;0.104397068;0.030560479;0.028916082;0.081780827;0.184275129;-0.062531558;0.176192789;
0.075257088;0.175647634;0.069180093;0.285209626;0.235276544;0.206490966;0.055859826;0.130152272;0.258849061;0.013838231;-0.053466014;-0.027303429;0.160210231;0.120247837;0.068164789;0.083884082;-0.217795657;0.103911918;0.034537622;0.032638531;0.081343976;0.183679211;-0.063653599;0.180217279;
0.078539374;0.17392845;0.065496828;0.286814524;0.237771238;0.205161986;0.055879418;0.132780844;0.259173306;0.012030884;-0.054669279;-0.023628327;0.159047782;0.120016;0.068357442;0.088548571;-0.222750759;0.102703504;0.038694356;0.035231184;0.080001235;0.182844925;-0.06476268;0.183769932;
0.081755701;0.172485185;0.062468257;0.288387585;0.240202259;0.203779129;0.055838602;0.135603701;0.259585932;0.010166395;-0.055730503;-0.019990776;0.157638803;0.119317224;0.068002503;0.093285986;-0.227583412;0.100875937;0.043017622;0.036312;0.077674938;0.181736354;-0.065943088;0.186774014;
0.084919456;0.171461511;0.060029073;0.289873707;0.242483075;0.20229668;0.055858194;0.138633905;0.260080626;0.008208844;-0.056633361;-0.016297714;0.155960435;0.118211918;0.066953361;0.098306939;-0.232105861;0.09857789;0.047412724;0.035709551;0.074319836;0.180340435;-0.067245946;0.18919034;
0.088011701;0.170942328;0.058074787;0.291243912;0.244463483;0.200619946;0.056098194;0.141838803;0.260659673;0.006161497;-0.057374585;-0.012527918;0.154027374;0.116804571;0.065128381;0.103793741;-0.236182595;0.095972427;0.051698438;0.03348751;0.069928232;0.178675129;-0.068666354;0.191058095;
0.090986395;0.170939062;0.056435603;0.292510442;0.245965524;0.198634639;0.056738194;0.145128599;0.261343755;0.004088027;-0.057965605;-0.008736898;0.151900027;0.115199673;0.062538667;0.109857415;-0.239745044;0.093211736;0.05563803;0.029923429;0.064512022;0.176782884;-0.07012268;0.192509524;
0.093781497;0.171378246;0.054910706;0.293731259;0.246819401;0.19624117;0.057956153;0.148364517;0.26216781;0.002105986;-0.058416218;-0.005050367;0.14969268;0.113491918;0.059312544;0.116485986;-0.24273933;0.090431579;0.058996397;0.025472816;0.058154005;0.174715946;-0.071481048;0.193748707;
0.096336599;0.172121103;0.053371114;0.295004728;0.246896136;0.193380762;0.059912071;0.151386558;0.263161306;0.000368844;-0.05873132;-0.001629959;0.14755717;0.111764571;0.055694585;0.123524354;-0.245077289;0.087737451;0.06158252;0.020666286;0.051009515;0.172515129;-0.072609211;0.19499932;
0.098612844;0.172994572;0.051744991;0.296438197;0.246138585;0.190068109;0.062716969;0.154044517;0.264348109;-0.000969932;-0.058907646;0.001362694;0.145660027;0.110089469;0.052043973;0.130678639;-0.246662595;0.085211761;0.063298438;0.015998531;0.043294996;0.170200027;-0.073389619;0.196449116;
0.10060468;0.17381743;0.049986624;0.298101871;0.244577769;0.186397905;0.066419826;0.156193497;0.265730884;-0.001781361;-0.058940299;0.003801878;0.144162884;0.108536816;0.048713034;0.137546667;-0.247418514;0.082912735;0.064157214;0.011845061;0.035289632;0.167757578;-0.073750435;0.198209116;
0.102336272;0.17443947;0.048149889;0.299995748;0.242318177;0.182526884;0.071004316;0.157715129;0.267282041;-0.002001769;-0.058824381;0.005604327;0.143193088;0.107202939;0.045998259;0.143679456;-0.247307493;0.080874606;0.064269867;0.008411592;0.027335346;0.165151864;-0.073688395;0.200277687;
0.10385366;0.174767634;0.046352338;0.30201534;0.239537769;0.178644435;0.07637901;0.158522476;0.268944898;-0.00164585;-0.058559891;0.006730857;0.142824109;0.106185796;0.044080544;0.148687891;-0.246383412;0.079107824;0.063809459;0.005701388;0.019762635;0.162333303;-0.073260639;0.202535646;
0.105210395;0.174772532;0.044704991;0.303950034;0.236471646;0.174939946;0.082385541;0.158551864;0.270639592;-0.000809932;-0.058145197;0.007176571;0.143062476;0.105557224;0.043015401;0.152327075;-0.244817698;0.077603397;0.062968642;0.003547918;0.012888932;0.159267439;-0.072553701;0.204772381;
0.106456109;0.174494981;0.04333193;0.305520646;0.233372871;0.171563619;0.088819826;0.157741252;0.272265714;0.000341088;-0.057583565;0.006959429;0.143839619;0.105336816;0.042728054;0.154578503;-0.242896065;0.076329174;0.061922112;0.001683429;0.006941177;0.155963722;-0.071652476;0.206742993;
0.107621823;0.174036205;0.042349073;0.306420238;0.230484707;0.168608517;0.095453296;0.156070639;0.273734503;0.001599864;-0.056873361;0.006102286;0.145016762;0.105454367;0.043064381;0.155646259;-0.240967902;0.075242706;0.060808642;-0.000179429;0.002049282;0.152487976;-0.070601048;0.208193333;
0.108714721;0.173533348;0.041844387;0.306381054;0.228021034;0.166094231;0.102063908;0.15358166;0.274976544;0.002762313;-0.055998259;0.004642694;0.146404517;0.105738449;0.04382683;0.155920544;-0.239367902;0.074294964;0.059731091;-0.00227249;-0.001750602;0.148963421;-0.069381456;0.208904082;
0.109723048;0.173141511;0.041892387;0.305246361;0.226130422;0.163983211;0.108475336;0.150425741;0.275949034;0.003658639;-0.054927238;0.002634531;0.147771048;0.105945796;0.044844952;0.155897143;-0.238370351;0.073438198;0.058767826;-0.004718204;-0.004512817;0.145558223;-0.067930027;0.208680952;
0.110622639;0.173007634;0.042526183;0.303006361;0.224883075;0.162206884;0.114568398;0.146857578;0.276642912;0.004181088;-0.053629279;0.000167592;0.148874721;0.105789061;0.045993361;0.156062585;-0.238133616;0.072631516;0.057987418;-0.007519837;-0.00637894;0.142461595;-0.066160231;0.207375918;
0.111385415;0.173242736;0.043722591;0.299806594;0.224269197;0.160685252;0.120303908;0.143240435;0.277081823;0.00430517;-0.052078259;-0.002622612;0.149500027;0.105015184;0.047178667;0.156762449;-0.238662595;0.071852013;0.057460071;-0.010577796;-0.007488911;0.139844796;-0.063996966;0.204861088;
0.111989497;0.173902328;0.045429693;0.29594327;0.224200626;0.159341194;0.125727581;0.140008599;0.277311755;0.004092925;-0.050270912;-0.005554857;0.149491864;0.103491918;0.048321524;0.158156735;-0.239829942;0.071094336;0.05726252;-0.013732082;-0.007985937;0.137830274;-0.061420639;0.20099551;
0.112427048;0.174976613;0.047544175;0.291798197;0.224536952;0.158124579;0.130940643;0.137617578;0.277403728;0.003671701;-0.048241524;-0.008420163;0.148775129;0.101224163;0.049368054;0.160193197;-0.241425044;0.070371573;0.057448642;-0.016825959;-0.008048911;0.136470618;-0.058486762;0.195665442;
0.112707864;0.176385593;0.049901726;0.287773707;0.225114912;0.157008613;0.136062275;0.136427374;0.277437633;0.00321619;-0.046070095;-0.010983429;0.147380844;0.098353959;0.050267646;0.162649796;-0.24318831;0.069704571;0.058031499;-0.01974351;-0.007892409;0.135757922;-0.055321048;0.188902449;
0.112861333;0.177993756;0.052318444;0.284225952;0.22576634;0.155994351;0.1412035;0.136633905;0.277499129;0.002923946;-0.043879075;-0.013016082;0.145444517;0.095152327;0.050969687;0.165208163;-0.244878106;0.069119102;0.058984969;-0.022412898;-0.007773226;0.135623357;-0.052103088;0.180868959;
0.112926313;0.179629675;0.054617546;0.281409159;0.226345932;0.155108685;0.146419826;0.138235129;0.277678177;0.002974558;-0.041815401;-0.014327102;0.143201252;0.091944163;0.051443156;0.167541224;-0.246296881;0.068630286;0.060232316;-0.024804735;-0.007993634;0.13596209;-0.049028531;0.171869942;
0.112937741;0.181121919;0.056641383;0.279437847;0.226755728;0.15439003;0.151692165;0.141040844;0.278052871;0.003508435;-0.040026014;-0.01478098;0.140943293;0.08902498;0.05169132;0.169410612;-0.247320555;0.068236816;0.061649459;-0.026905959;-0.008893226;0.136654936;-0.046267986;0.162372758;
0.112913905;0.182333348;0.058277955;0.278300821;0.226945116;0.153882178;0.156932228;0.144694721;0.278671646;0.004615374;-0.038641524;-0.014304245;0.138974313;0.086616816;0.051754993;0.170752653;-0.247909942;0.067913878;0.06310905;-0.028677388;-0.010819756;0.13759268;-0.043942272;0.15294427;
0.112848599;0.183190491;0.059482526;0.277876798;0.226912463;0.15363219;0.162000988;0.148755946;0.279541578;0.006314966;-0.037753361;-0.012905061;0.137560435;0.084827429;0.051719075;0.171675102;-0.248104228;0.067624898;0.064500071;-0.030035755;-0.01411445;0.138684066;-0.04210581;0.144167295;
0.11270166;0.183691715;0.060270706;0.277982687;0.226706748;0.153670318;0.166743468;0.152804925;0.280600354;0.008556599;-0.03739581;-0.010669959;0.136894313;0.083643755;0.051692952;0.172444082;-0.247985044;0.067326122;0.065740887;-0.030858612;-0.018930777;0.139865419;-0.040746354;0.136517352;
0.112401252;0.183907226;0.060701726;0.278418839;0.226412871;0.15400626;0.171036592;0.156504925;0.281714367;0.01124068;-0.037549279;-0.007752408;0.137047782;0.082958041;0.051792544;0.17344;-0.247676473;0.066986531;0.066803744;-0.031003918;-0.025211049;0.141091885;-0.039803224;0.130265003;
0.111864109;0.183954572;0.060858265;0.279009393;0.226127156;0.154634832;0.174809905;0.159636354;0.282680218;0.014213741;-0.038143565;-0.004371184;0.137973497;0.082598857;0.052120707;0.175049796;-0.247310759;0.066589796;0.067700071;-0.030363918;-0.032683158;0.142340092;-0.039188803;0.125475092;
0.111021007;0.18395947;0.060827897;0.279620705;0.225932871;0.155528565;0.178063029;0.162096762;0.283242531;0.017291293;-0.039064381;-0.000792408;0.139524517;0.082370286;0.052750912;0.177557551;-0.247007085;0.066148653;0.068464152;-0.028901061;-0.040860572;0.143606085;-0.038807306;0.122035385;
0.109834068;0.184010083;0.06068455;0.280178139;0.225878993;0.156643475;0.180867424;0.163874721;0.283141578;0.020288844;-0.040169687;0.002699837;0.141488599;0.082107429;0.053720707;0.18107102;-0.246848718;0.06569151;0.06915803;-0.026674122;-0.049090232;0.144898373;-0.038570299;0.119642752;
0.10830917;0.184139062;0.060481775;0.280658372;0.225960626;0.157928085;0.183342024;0.164993088;0.282177224;0.023033333;-0.041302748;0.005821469;0.143632272;0.081692735;0.055030095;0.185459592;-0.246881371;0.065251347;0.069845377;-0.023846367;-0.056723974;0.146230962;-0.038405673;0.11793056;
0.106496925;0.184315389;0.06025255;0.281073533;0.226114095;0.159328805;0.185619073;0.165474721;0.280245252;0.02537619;-0.042310095;0.008312898;0.145756354;0.081064163;0.056644789;0.190360816;-0.247103412;0.064833388;0.070562112;-0.020656163;-0.063148464;0.147613131;-0.038261456;0.116565578;
0.104477333;0.184459062;0.060014379;0.281450442;0.226228381;0.160798577;0.187823531;0.165300027;0.277386748;0.027229252;-0.043064381;0.009992898;0.147731864;0.080223347;0.058504381;0.195239184;-0.247482187;0.064412163;0.071331091;-0.017353306;-0.067972953;0.149050639;-0.038104721;0.115309984;
0.102336925;0.184472123;0.059774379;0.281815923;0.226181034;0.162305516;0.190049214;0.164402068;0.27379015;0.028558231;-0.043477442;0.010768408;0.149529415;0.079233959;0.060528871;0.199472653;-0.24796382;0.063920735;0.072145785;-0.014159837;-0.071061389;0.15053369;-0.037918054;0.114016714;
0.100137741;0.184276205;0.059534379;0.282183737;0.225874095;0.163829645;0.192349999;0.162700844;0.269766884;0.029387619;-0.043508463;0.010649224;0.151211048;0.078192327;0.062625197;0.202488163;-0.248500963;0.063267673;0.072950683;-0.011214531;-0.072481253;0.152036332;-0.037697646;0.112638127;
0.097899374;0.183832123;0.059294379;0.282536623;0.225273279;0.165366164;0.194740329;0.160165333;0.265697633;0.029826531;-0.043177034;0.009770857;0.152889415;0.077212735;0.064700299;0.203897143;-0.249067493;0.062352735;0.073655989;-0.008553306;-0.072488219;0.153514657;-0.037449483;0.11120855;
0.095600803;0.183154572;0.059054379;0.282827935;0.22443083;0.166922947;0.197199481;0.156844517;0.261963619;0.030047483;-0.042551728;0.008391265;0.154686966;0.076399673;0.06665785;0.203541224;-0.249679738;0.061110286;0.074150683;-0.00611902;-0.071448328;0.15493601;-0.037185537;0.109844783;
0.09319366;0.182290899;0.058814379;0.282987002;0.223488789;0.168511518;0.199679104;0.152909823;0.258859946;0.030261905;-0.041730503;0.006846776;0.156688599;0.075823347;0.068414585;0.201505306;-0.250391575;0.059515184;0.074304152;-0.003795755;-0.069663294;0.156278824;-0.036921592;0.10869439;
0.090617129;0.181294981;0.058574575;0.282937556;0.222651238;0.170142923;0.202114018;0.148663293;0.25656117;0.030715238;-0.040821116;0.005534122;0.158895946;0.075496816;0.069911728;0.198083265;-0.251283004;0.057591918;0.074003744;-0.001446367;-0.067338396;0.157564066;-0.036671796;0.107903558;
0.08782917;0.180206001;0.058337187;0.282607993;0.222143483;0.171824459;0.204423845;0.144496762;0.255091782;0.031652653;-0.039926422;0.004835347;0.161220844;0.075379265;0.071114993;0.193668571;-0.252438922;0.055402531;0.073174356;0.001023837;-0.064522069;0.158847503;-0.036439959;0.107597499;
0.084827946;0.179035389;0.058113187;0.281961229;0.222151646;0.173551518;0.206522181;0.140842884;0.254339129;0.033280136;-0.039116626;0.005049224;0.163514721;0.075382531;0.07201132;0.188630204;-0.253934432;0.05302702;0.071791499;0.003649143;-0.061150749;0.160235602;-0.036212476;0.10787932;
0.081663048;0.177757021;0.057933922;0.281001696;0.22278185;0.17530153;0.208326388;0.138104925;0.254092599;0.035719048;-0.038426014;0.006343918;0.165609415;0.075397224;0.072615401;0.183245714;-0.255802187;0.050527429;0.069904254;0.006382204;-0.057164246;0.161852444;-0.035952884;0.108812569;
0.078420599;0.176334981;0.057856208;0.279792833;0.224042259;0.177037713;0.209768398;0.136553905;0.25410566;0.038949524;-0.03785785;0.008719429;0.167367782;0.075318857;0.072951728;0.17764898;-0.258025861;0.047947837;0.067632112;0.009097306;-0.052541334;0.163808878;-0.035598054;0.110413574;
0.075206313;0.174748042;0.057970297;0.278438664;0.225836544;0.178711182;0.210807142;0.136299211;0.254138313;0.042808844;-0.037394177;0.011979837;0.168731048;0.075077224;0.073052952;0.171831837;-0.260535249;0.045296408;0.06513405;0.011614857;-0.047329688;0.166106637;-0.035061184;0.11265169;
0.072122027;0.173012532;0.058404583;0.277071667;0.227985116;0.180271614;0.21143609;0.137296762;0.254002803;0.047007755;-0.037005605;0.015801878;0.169743293;0.074636408;0.072951728;0.165686531;-0.263211167;0.042561714;0.062592316;0.013753633;-0.041704654;0.168648305;-0.03424132;0.115448174;
0.069248762;0.171190491;0.059313579;0.27582432;0.230280626;0.181677905;0.211683751;0.13935717;0.253575048;0.051148435;-0.036677442;0.019787184;0.170538395;0.073996408;0.072679075;0.159062857;-0.265909942;0.03974702;0.060186397;0.015347102;-0.03592996;0.171211799;-0.033040231;0.118695269;
0.066625088;0.169381511;0.060851212;0.274831667;0.232527156;0.182910366;0.211617942;0.14220615;0.252785932;0.05479932;-0.036412952;0.023535755;0.171302476;0.073183347;0.072267646;0.151818776;-0.268509126;0.036888245;0.05805701;0.016282612;-0.030316899;0.173465663;-0.031382544;0.122285097;
0.064251619;0.167696613;0.063147375;0.274198431;0.234574503;0.18397476;0.211334991;0.145581932;0.251594639;0.057561497;-0.036244789;0.02673249;0.172223293;0.072226612;0.071761524;0.14387102;-0.270917289;0.034050694;0.056294561;0.016525878;-0.025117226;0.174989687;-0.029232884;0.126121957;
0.062096313;0.166233756;0.066266722;0.274000413;0.236363891;0.184903451;0.210942401;0.14928098;0.249966884;0.05917102;-0.036236626;0.02921902;0.173433088;0.071142531;0.071199891;0.1352;-0.273106677;0.031351918;0.054937214;0.016134041;-0.020460572;0.175376898;-0.026603224;0.130136274;
0.060111211;0.16504845;0.070180518;0.274294524;0.237932871;0.185738601;0.210549183;0.15319717;0.247856952;0.059537823;-0.036465197;0.030995347;0.174979211;0.069944163;0.070620299;0.125843265;-0.275136065;0.028929061;0.053975479;0.015244245;-0.016347266;0.174291891;-0.023553701;0.134293637;
0.058242844;0.164153756;0.074753971;0.27513534;0.239402259;0.186525156;0.210256184;0.157294585;0.24520117;0.05874898;-0.037000707;0.032218204;0.176827374;0.068641306;0.070052136;0.115890612;-0.277118106;0.026902939;0.053361703;0.014078531;-0.012687511;0.171581143;-0.020183088;0.138586384;
0.056444272;0.163536613;0.079748257;0.276554116;0.24095981;0.187301434;0.210144787;0.161571592;0.241948381;0.057052381;-0.037903565;0.033134122;0.178874721;0.067256816;0.069505197;0.10547102;-0.279167085;0.025366612;0.053027826;0.012911184;-0.009332409;0.167269578;-0.016604585;0.143023558;
0.054677129;0.163189185;0.084850493;0.27856881;0.242819401;0.188092983;0.210274771;0.166014041;0.238098585;0.054827347;-0.03918683;0.034015755;0.180993905;0.065849469;0.068951728;0.094731429;-0.281374432;0.024369061;0.052898234;0.012037714;-0.006171593;0.161562639;-0.012917782;0.147626259;
0.052916517;0.163134981;0.089733106;0.281161463;0.245163891;0.188908925;0.210677283;0.170562612;0.233732871;0.052452925;-0.040798259;0.035088408;0.183080435;0.064513959;0.068339483;0.083844898;-0.283740146;0.023898857;0.052904663;0.011729143;-0.00317894;0.154814068;-0.009192068;0.152409932;
0.051141211;0.163446817;0.094096861;0.284258605;0.248115728;0.189754639;0.211347173;0.175076354;0.229024299;0.050265714;-0.042630095;0.036484327;0.185069007;0.063362939;0.067596626;0.073013878;-0.286146677;0.023911918;0.052991295;0.012178122;-0.000461226;0.147465333;-0.00545819;0.157378095;
0.049331619;0.164246817;0.097720044;0.287724218;0.251694503;0.190636272;0.212241867;0.179369687;0.224247156;0.048493197;-0.044528871;0.038208408;0.186938395;0.062499265;0.066646422;0.062447347;-0.288375249;0.024336408;0.053118336;0.013459755;0.00177453;0.139934721;-0.001704721;0.162522585;
0.047469374;0.165699879;0.10049784;0.291365748;0.255810422;0.19157015;0.213275336;0.183230367;0.219735592;0.047242313;-0.046308463;0.040161061;0.188713088;0.061968653;0.065420299;0.052341224;-0.290128718;0.025087429;0.05325905;0.015531592;0.003279836;0.132565959;0.002107524;0.167822177;
0.045538966;0.167960777;0.102437236;0.294948299;0.260285524;0.192575864;0.214315336;0.186506558;0.215842259;0.046517415;-0.04779581;0.042161061;0.190424109;0.061718313;0.063883973;0.042862041;-0.291103412;0.026098041;0.053401601;0.018232;0.003844734;0.125579837;0.006022626;0.173258912;
0.043532639;0.171131715;0.103635603;0.298247993;0.26488634;0.193674639;0.215213296;0.189124789;0.212875184;0.046254558;-0.04886683;0.044002694;0.192082884;0.061592054;0.062039075;0.034114286;-0.29110831;0.027320898;0.053545785;0.021314449;0.003348407;0.119076163;0.01006834;0.178787133;
0.041465497;0.175219226;0.104246216;0.301079218;0.269363075;0.19488117;0.215845132;0.191105197;0.211033551;0.046341088;-0.049472544;0.045493306;0.193660027;0.061333551;0.059929687;0.026122449;-0.290087902;0.028718449;0.053698132;0.024522612;0.001821877;0.113042694;0.014243034;0.184336754;
0.039379374;0.180126001;0.104429073;0.303314728;0.273508381;0.196193823;0.216129214;0.192561524;0.210382122;0.046688844;-0.049643973;0.046495755;0.195069007;0.060627701;0.057632544;0.018839184;-0.28814831;0.030276;0.053868438;0.027642612;-0.000543838;0.107377116;0.018507524;0.189816521;
0.037346721;0.185650899;0.104308257;0.304922075;0.277183483;0.197581578;0.216050847;0.193682612;0.210863755;0.04724068;-0.049472544;0.046944735;0.196161252;0.059167565;0.055248871;0.01216;-0.285562187;0.031993551;0.054067928;0.030543837;-0.003428736;0.101942884;0.022789973;0.195117279;
0.035472639;0.191520287;0.103953971;0.305958605;0.280332871;0.19899219;0.2156835;0.194646966;0.212302122;0.047973741;-0.049079075;0.046845143;0.196760435;0.056731646;0.052894585;0.005957551;-0.282688718;0.033872735;0.054302724;0.033200163;-0.006445879;0.096620435;0.026994054;0.200092381;
0.033887129;0.197404913;0.10336295;0.306543605;0.282982667;0.200357088;0.215135473;0.195619483;0.21445668;0.048897823;-0.04857785;0.046239429;0.196693497;0.053227973;0.050693769;0.000101224;-0.279867493;0.035918449;0.054570581;0.035683429;-0.009213226;0.091324544;0.031015279;0.20459518;
0.032729986;0.202952686;0.10247642;0.306843503;0.285211238;0.201604435;0.214527037;0.196707918;0.21710049;0.05003415;-0.04804234;0.045181469;0.195836354;0.048732735;0.04875581;-0.005539592;-0.277366269;0.038143755;0.054859459;0.038112816;-0.011427103;0.086011728;0.034731197;0.208454538;
0.032137333;0.207819697;0.101198052;0.307036973;0.287123075;0.202667293;0.213949622;0.197956354;0.220037088;0.051389252;-0.047479075;0.043703918;0.194154721;0.043473415;0.047177034;-0.011096735;-0.275310759;0.040568245;0.055151091;0.040602612;-0.012904654;0.080682748;0.038001401;0.211556346;
0.032223048;0.211701566;0.099420093;0.307270238;0.288814503;0.203491782;0.21340486;0.199363701;0.223119537;0.052954966;-0.04684234;0.041801878;0.191740027;0.037796136;0.046037442;-0.016696735;-0.273684636;0.04321151;0.055429459;0.043203429;-0.013601797;0.075390776;0.040682218;0.21383862;
0.033068354;0.214331806;0.097047848;0.307651156;0.290349197;0.204046884;0.212789894;0.200893497;0.226253143;0.054708435;-0.046060299;0.039434531;0.18880615;0.032087837;0.045382748;-0.022491837;-0.272362187;0.046083347;0.05568752;0.045889143;-0.01360343;0.070241388;0.042633238;0.215294772;
0.034716313;0.215494346;0.094032338;0.308238401;0.291746748;0.204327701;0.21194418;0.202478803;0.229375864;0.056608844;-0.045059483;0.036543102;0.185666558;0.026717497;0.045219483;-0.028669796;-0.271154024;0.049182122;0.055933948;0.048548735;-0.013080981;0.065369116;0.043715687;0.215975238;
0.037163456;0.215037112;0.090373563;0.309043197;0.292998993;0.204348925;0.210657649;0.204062476;0.232430558;0.058610476;-0.043782748;0.033080245;0.182688599;0.021974639;0.045526422;-0.035406939;-0.269877289;0.052481714;0.056204356;0.051017306;-0.01224996;0.06091785;0.043859361;0.216015238;
0.040362844;0.212905865;0.086140093;0.310045748;0.294068381;0.204135048;0.208790439;0.205593905;0.235356272;0.060665986;-0.042231728;0.029039429;0.180215129;0.018044844;0.04625132;-0.042822857;-0.268430759;0.055926612;0.056562724;0.053115265;-0.011322613;0.05702615;0.043090381;0.215553256;
0.044234068;0.209183452;0.081465808;0.311208912;0.294922259;0.203717088;0.206315881;0.207038803;0.238061578;0.062723129;-0.040458667;0.024484327;0.178487782;0.01501083;0.04732234;-0.05094449;-0.266803004;0.059430286;0.057094561;0.054698939;-0.010511117;0.053790558;0.041542626;0.214744101;
0.048663456;0.204091443;0.076540093;0.312486361;0.295541034;0.203117905;0.203330302;0.208403701;0.240448517;0.064723129;-0.038550095;0.019548816;0.177597986;0.012891102;0.048666014;-0.059643265;-0.265074024;0.06288498;0.057895173;0.055686694;-0.010003089;0.051248517;0.039470789;0.213716521;
0.053502639;0.197974346;0.071588257;0.313840544;0.295934503;0.202340762;0.200062275;0.209740844;0.242430558;0.06660068;-0.036605605;0.014417388;0.177459211;0.011662803;0.050220299;-0.068630204;-0.263392391;0.066179673;0.059048132;0.056080163;-0.009958328;0.04937151;0.037222626;0.212573197;
0.058575293;0.191288722;0.066853563;0.315246973;0.296145116;0.201354639;0.196848126;0.211140027;0.243953823;0.068269252;-0.034713361;0.009302286;0.177818395;0.011307973;0.051946014;-0.077494694;-0.261926269;0.069224571;0.060605581;0.055949551;-0.010515334;0.048067565;0.035160585;0.211387483;
0.063678966;0.184535616;0.062554787;0.316695238;0.296254503;0.20011219;0.194012207;0.212725333;0.245018313;0.069627619;-0.032920707;0.004409224;0.178344109;0.011838041;0.053830095;-0.08572898;-0.260814432;0.071957633;0.062579969;0.055423837;-0.011812545;0.047193551;0.033629156;0.210201769;
0.068589986;0.178186681;0.058873155;0.318190646;0.29635083;0.198553007;0.19182935;0.21463717;0.245720121;0.070564762;-0.031230912;-0.000109959;0.178706558;0.013281306;0.055870912;-0.092857959;-0.260131983;0.074367429;0.064929459;0.054659755;-0.013959008;0.046591864;0.032845483;0.209016054;
0.073089578;0.172606727;0.055929481;0.31974932;0.296522259;0.196623211;0.190469894;0.216993088;0.246235106;0.070972925;-0.02958683;-0.004185061;0.178665741;0.015668245;0.058076626;-0.098541224;-0.25988382;0.076494776;0.067559663;0.053804245;-0.017067035;0.046117306;0.032840585;0.20783034;
0.076999782;0.168011171;0.053766216;0.321389014;0.296835728;0.194293415;0.18997901;0.219842068;0.246797672;0.070765578;-0.027890503;-0.007832408;0.178140027;0.018998857;0.060452136;-0.102618776;-0.260022595;0.078421306;0.070349867;0.052969959;-0.021188668;0.045673333;0.03350834;0.206644626;
0.08020468;0.164450808;0.052353971;0.323114524;0.297320626;0.191591374;0.190289758;0.223136762;0.247676272;0.06990517;-0.026034177;-0.011145061;0.177230639;0.023201306;0.062986014;-0.105151429;-0.260478106;0.080248245;0.073167826;0.052228735;-0.026320572;0.045212381;0.034623442;0.205458912;
0.082674884;0.161824867;0.051609481;0.324916156;0.297962259;0.188601986;0.191250302;0.226718803;0.249148925;0.06840966;-0.023910095;-0.014245469;0.176177578;0.028122122;0.065647238;-0.106422449;-0.261204636;0.082078449;0.075879663;0.051596898;-0.032405675;0.044718231;0.035854463;0.204273197;
0.084483864;0.159894618;0.051389073;0.326758912;0.298716544;0.185481986;0.192669622;0.230336762;0.251451199;0.066359048;-0.021443156;-0.017216535;0.175307374;0.033532735;0.068396626;-0.106830612;-0.262223412;0.083991918;0.078371091;0.051046694;-0.03933479;0.04420068;0.036891197;0.203087483;
0.085778558;0.158374436;0.05151642;0.328581463;0.29952634;0.18243219;0.19437901;0.233673905;0.254758255;0.063893741;-0.018667083;-0.020073859;0.174936762;0.039142531;0.071185197;-0.106829796;-0.263638922;0.086036;0.08054905;0.05052751;-0.046931933;0.043693469;0.037492014;0.201901769;
0.086730395;0.156990128;0.051802134;0.330300442;0.300339401;0.179677905;0.196254928;0.236377306;0.25909738;0.061196599;-0.015729318;-0.022736354;0.17529268;0.044656;0.073960707;-0.106806939;-0.265634568;0.088204163;0.082330275;0.049982204;-0.054994246;0.043222068;0.037475687;0.200716054;
0.087492844;0.155535071;0.052048665;0.331829422;0.301121442;0.177433007;0.198215745;0.238123156;0.264357788;0.058460272;-0.012887763;-0.024993587;0.176458395;0.049833143;0.076662748;-0.106997551;-0.268437289;0.090439265;0.083636941;0.049368327;-0.063291185;0.042799211;0.036750789;0.19953034;
0.088139374;0.153887634;0.052078052;0.333090238;0.301857769;0.175873823;0.200232071;0.238675537;0.270306943;0.055865986;-0.010497714;-0.026536807;0.17835717;0.054525388;0.079227646;-0.107454694;-0.272257698;0.092646612;0.084377078;0.04868098;-0.071582409;0.042431864;0.035296095;0.198344626;
0.088637333;0.152008994;0.05175642;0.334042279;0.302554912;0.175091782;0.202321867;0.23789132;0.276615048;0.053563946;-0.008971048;-0.027018077;0.180773497;0.05870498;0.081581932;-0.10804898;-0.277224772;0.094705388;0.084436397;0.047951184;-0.079612885;0.042118395;0.033134463;0.197163751;
0.088856109;0.149926817;0.050997236;0.334687279;0.303224299;0.17509668;0.204530847;0.235723429;0.282884435;0.051650476;-0.008713108;-0.02611649;0.183418395;0.062458449;0.083643973;-0.108483265;-0.283330351;0.096488245;0.083700615;0.047242612;-0.087096559;0.041835946;0.030347524;0.195992498;
0.088594884;0.147724368;0.049790706;0.335074728;0.303869197;0.175815048;0.206909622;0.232216218;0.288764785;0.050172925;-0.01008026;-0.023665696;0.186002884;0.065952327;0.085327238;-0.108380408;-0.290414976;0.097892327;0.082073404;0.046636898;-0.093748123;0.041530639;0.027054463;0.194832323;
0.087649578;0.145493076;0.048216828;0.335290952;0.304468381;0.177106476;0.209507173;0.227495946;0.293953123;0.049132925;-0.013222262;-0.019689823;0.188303293;0.069369469;0.086561524;-0.107361633;-0.298174976;0.098847429;0.079495445;0.046205878;-0.09928547;0.04111268;0.023408748;0.193682993;
0.085914068;0.143290083;0.046417644;0.335437381;0.304987565;0.178779946;0.21234799;0.221769687;0.298300879;0.04849619;-0.018057092;-0.014406739;0.190220027;0.072853551;0.087304381;-0.105146122;-0.306197834;0.09934049;0.075988506;0.045992;-0.103402069;0.040469415;0.019632305;0.192547483;
0.083399782;0.141117021;0.044590706;0.335594116;0.305384299;0.180642803;0.215425541;0.215305741;0.301797555;0.048210476;-0.024279114;-0.008236218;0.191798803;0.076443755;0.087560707;-0.101596735;-0.314028038;0.099425388;0.07166905;0.046003429;-0.105749008;0.039478395;0.015982742;0.1914255;
0.080256517;0.138911307;0.042958052;0.335796565;0.305619401;0.182521986;0.218697377;0.208410776;0.304554406;0.048218639;-0.031368871;-0.001738621;0.193224109;0.080073143;0.087387646;-0.096726531;-0.32122967;0.099203347;0.066738982;0.046204245;-0.105982341;0.038025333;0.012707524;0.190313489;
0.076760599;0.13656845;0.041713971;0.33601534;0.305671646;0.184288517;0.222085132;0.201436354;0.306771782;0.048439048;-0.038644789;0.004501197;0.194770231;0.083571918;0.086896218;-0.090679184;-0.327437561;0.09881151;0.061470955;0.04652751;-0.103779416;0.03604819;0.010017728;0.189198212;
0.073254068;0.133967634;0.040990706;0.336154116;0.30555623;0.185862395;0.225490847;0.194747646;0.308711374;0.048783537;-0.045431689;0.009937751;0.196752272;0.086713143;0.086236626;-0.083689796;-0.332387221;0.098419673;0.056170275;0.04689649;-0.098861729;0.03356819;0.008045483;0.18806655;
0.070049578;0.131015797;0.040843767;0.336057789;0.305308946;0.187212599;0.228816561;0.188682068;0.310559771;0.049150884;-0.051124595;0.014145823;0.199449415;0.08926498;0.085575401;-0.076001633;-0.335930623;0.098184571;0.051124288;0.047237714;-0.091007919;0.030694721;0.006808165;0.18690766;
0.067392435;0.127675389;0.041229073;0.33553534;0.304975257;0.188330966;0.231977377;0.183493224;0.31244152;0.049420272;-0.055344051;0.016840063;0.203042884;0.091062531;0.085062748;-0.067817143;-0.33804001;0.098231918;0.046565921;0.047494041;-0.080065198;0.027605741;0.006203617;0.185715133;
0.065403864;0.124010083;0.042032338;0.334395748;0.304592839;0.189224027;0.234927581;0.179329415;0.314376914;0.049462721;-0.057992991;0.017873351;0.207558803;0.092024163;0.084821116;-0.059275102;-0.338805725;0.098649878;0.042637758;0.047637714;-0.066044518;0.02452166;0.006038253;0.184489155;
0.064086313;0.120183144;0.043095195;0.332475748;0.304174127;0.18989015;0.237665541;0.176215673;0.316304844;0.049173741;-0.059242593;0.017240063;0.212866558;0.092169469;0.084930503;-0.050476735;-0.338400827;0.099467837;0.039382792;0.047663837;-0.04921343;0.021654721;0.006078019;0.183253244;
0.063341007;0.116436205;0.044246216;0.329662687;0.303699276;0.190314639;0.240220643;0.174053769;0.318110558;0.048479864;-0.059511592;0.015020381;0.218690231;0.091588245;0.085418667;-0.041497143;-0.337075112;0.100648245;0.036756397;0.047585469;-0.030061525;0.019173088;0.006091197;0.182054775;
0.063008354;0.113041919;0.045338461;0.325912483;0.303115665;0.190484435;0.24265003;0.172638531;0.319664844;0.047381088;-0.05940751;0.011314077;0.224662476;0.090404571;0.086270912;-0.032437551;-0.335129534;0.102106204;0.034649186;0.047429201;-0.00930343;0.017166558;0.005882917;0.180962764;
0.062906721;0.110269675;0.046285399;0.321259422;0.30234455;0.190412599;0.245027173;0.171744925;0.320848517;0.045957415;-0.059534877;0.006229814;0.230376762;0.088731102;0.087446422;-0.023448163;-0.332893888;0.103702939;0.032919118;0.047224187;0.012106774;0.015651456;0.005334579;0.180059175;
0.062890395;0.108310491;0.047057644;0.315811259;0.301305681;0.190133415;0.247417377;0.171178939;0.321614231;0.044365578;-0.060383934;-0.00011268;0.235465741;0.086642939;0.088876626;-0.014731429;-0.330680555;0.105275184;0.031420887;0.046997714;0.033129496;0.014580435;0.004403617;0.179437345;
0.06285366;0.107246001;0.047686216;0.309736156;0.299935383;0.189718721;0.249871255;0.170839891;0.321986476;0.042824354;-0.062251883;-0.00758098;0.239646966;0.084159673;0.090479891;-0.006494694;-0.328757289;0.106674367;0.030028234;0.046778939;0.052734121;0.013876762;0.003108573;0.179188971;
0.062736517;0.107028858;0.048249481;0.303236565;0.298192086;0.189269741;0.252423092;0.170740027;0.322066476;0.041581905;-0.065198122;-0.016031592;0.242753905;0.081266612;0.092169687;0.001090612;-0.32731348;0.107781306;0.028650275;0.046596082;0.069973645;0.013449007;0.001535396;0.179382941;
0.062518966;0.107497736;0.048853563;0.296527993;0.296071646;0.188884435;0.255090847;0.170994721;0.322014231;0.040847211;-0.06905785;-0.025318122;0.244724517;0.077934367;0.093849687;0.007973878;-0.326447085;0.108524163;0.027228234;0.0464727;0.084188067;0.013228948;-0.000182389;0.180051275;
0.062209986;0.108405389;0.049612746;0.289814524;0.293603452;0.188621578;0.257889214;0.17178819;0.322017497;0.040759048;-0.073480163;-0.035277306;0.24558819;0.074133551;0.095415401;0.014225306;-0.326141779;0.108909469;0.025737622;0.046430484;0.095032965;0.013173555;-0.001881864;0.181188075;
0.061826721;0.109481001;0.050638052;0.283265952;0.290837863;0.188486068;0.260831255;0.173327782;0.322264027;0.041353333;-0.077999891;-0.045721388;0.245429823;0.069849469;0.09675581;0.020014694;-0.326290351;0.108999265;0.024189867;0.046486227;0.102488747;0.013271864;-0.003373992;0.182753842;
0.06139366;0.110461511;0.05202091;0.276991667;0.287837423;0.188402803;0.263928398;0.175755537;0.322913823;0.042550068;-0.082150095;-0.05644302;0.244358803;0.06508702;0.09774683;0.025567347;-0.326718106;0.108881714;0.022620887;0.04664716;0.106907455;0.013527374;-0.004451776;0.184683059;
0.060937741;0.111150695;0.053824991;0.271021054;0.2846697;0.188237905;0.267192071;0.179105741;0.324077905;0.044171293;-0.085550367;-0.067228327;0.242477986;0.059860898;0.098272544;0.031084082;-0.327211167;0.108643347;0.021089459;0.046911184;0.108888883;0.013969823;-0.00493924;0.186893935;
0.060486721;0.11143845;0.056078052;0.265301871;0.281398491;0.187829741;0.270622275;0.183290231;0.325797088;0.045994966;-0.087944381;-0.077858531;0.239882068;0.054195592;0.098236626;0.036633469;-0.327544228;0.108329878;0.019683744;0.047269201;0.109093237;0.014627083;-0.004693059;0.189301413;
0.060061823;0.111307021;0.058758869;0.259714932;0.278087094;0.187024844;0.274196153;0.188098395;0.328037088;0.047803946;-0.089222748;-0.088111592;0.236659211;0.048133551;0.097572136;0.042145306;-0.327516473;0.107916816;0.018509867;0.047704187;0.108217183;0.01553787;-0.003664838;0.191833447;
0.059675293;0.110813756;0.061785808;0.254085544;0.274797675;0.185715456;0.27786799;0.193242884;0.330704844;0.049433333;-0.089415401;-0.097783429;0.232895946;0.04174498;0.096279075;0.047418776;-0.326964636;0.107316;0.017683744;0.048197015;0.106846842;0.016742534;-0.001916033;0.19443479;
0.059323864;0.110077123;0.065023359;0.248242279;0.271588004;0.183878721;0.281564316;0.19842819;0.333668109;0.050793333;-0.08865132;-0.106699347;0.228683701;0.035149061;0.094455401;0.05216;-0.325780963;0.106391918;0.017316397;0.048729026;0.105394938;0.01828854;0.000370381;0.197067522;
0.058990395;0.109233348;0.068296828;0.242092075;0.268514095;0.181566884;0.285200234;0.203402884;0.336775048;0.051865986;-0.087100299;-0.114727102;0.22411717;0.028535184;0.092283973;0.056091429;-0.323929534;0.105009061;0.017495989;0.049282962;0.104119019;0.020211456;0.002910906;0.199710524;
0.058641415;0.10841947;0.07141193;0.235661871;0.265626309;0.178895864;0.288694112;0.207993905;0.33989015;0.052675782;-0.084937034;-0.12179649;0.21929268;0.022153143;0.090029279;0.059035102;-0.321447902;0.103084163;0.018260071;0.049843895;0.10309072;0.022547316;0.005321285;0.202355686;
0.058247129;0.10773845;0.074185808;0.229131259;0.262968726;0.176019129;0.291972479;0.212134313;0.342915456;0.053250476;-0.082319891;-0.127902612;0.214300027;0.016293551;0.088012952;0.060932245;-0.318447085;0.100623755;0.019584152;0.050395265;0.102212081;0.025300902;0.007232655;0.205000847;
0.057793252;0.107253246;0.07648295;0.222840646;0.260581285;0.173098313;0.29498799;0.215840435;0.345800354;0.053580272;-0.079381116;-0.133097714;0.209214313;0.011248653;0.086545197;0.06186449;-0.31511484;0.097737224;0.021370275;0.05091235;0.101335346;0.02845787;0.00831627;0.207646008;
0.057301415;0.106984164;0.078231522;0.217253707;0.258502415;0.170275456;0.297725949;0.219180844;0.348541578;0.053603129;-0.076221932;-0.137489551;0.20408615;0.007255184;0.085841524;0.062027755;-0.3116928;0.094635184;0.023451907;0.051362262;0.100298611;0.031978919;0.008350789;0.21029117;
0.056846313;0.106919572;0.079431522;0.212852075;0.256768036;0.167661578;0.300186357;0.222227374;0.351163619;0.053225986;-0.072933769;-0.141210367;0.198954721;0.004437224;0.085972136;0.061637551;-0.308448718;0.091596816;0.025611907;0.051703953;0.0989726;0.035800494;0.007250381;0.212936331;
0.056566313;0.107021715;0.080141726;0.210026769;0.255425241;0.165321986;0.302380643;0.22501268;0.353704027;0.05235415;-0.069624381;-0.144397306;0.193842884;0.002788245;0.086814585;0.06088;-0.305651983;0.088924163;0.027623336;0.051893108;0.09730581;0.039828948;0.005089565;0.215581492;
0.056649578;0.107250185;0.080450297;0.20895085;0.254530799;0.163273007;0.304310439;0.227500844;0.356200354;0.050932109;-0.066426014;-0.147184245;0.188757714;0.002166204;0.088065197;0.059875918;-0.303521371;0.086893143;0.029273948;0.05189614;0.095317684;0.043959211;0.002059244;0.218226654;
0.057318966;0.107565185;0.080443767;0.209553299;0.254144739;0.161483619;0.305944724;0.229603701;0.358667293;0.048987619;-0.06347581;-0.149687102;0.18367668;0.002331102;0.089273361;0.058662857;-0.302185861;0.085730286;0.030410275;0.051702554;0.093096682;0.048064983;-0.001541339;0.220871815;
0.058782639;0.10793896;0.08018744;0.211530442;0.254322321;0.159875456;0.30722694;0.231195537;0.361086884;0.046651293;-0.060910912;-0.151995673;0.178552544;0.002998857;0.089926422;0.057227755;-0.301681371;0.085588245;0.030968642;0.051340571;0.090796719;0.052010173;-0.005392884;0.223516976;
0.061191211;0.108351919;0.079704175;0.214420238;0.255103734;0.158327701;0.30807557;0.232152272;0.363423211;0.044132109;-0.058845605;-0.154181796;0.173305197;0.003903347;0.089568871;0.055555918;-0.30193933;0.086540898;0.03097354;0.050886227;0.08859991;0.055660319;-0.009190435;0.226162137;
0.064602231;0.108790389;0.07898091;0.217674116;0.256489103;0.156698313;0.30838799;0.232385741;0.365620762;0.041673333;-0.057348463;-0.156292816;0.167829823;0.00484049;0.087926422;0.05364898;-0.302799738;0.088599673;0.030524561;0.050461038;0.086682582;0.058895654;-0.012703905;0.228807299;
0.068947946;0.109235185;0.077991522;0.220862687;0.258424299;0.154861578;0.308085132;0.231869823;0.367609333;0.039488844;-0.056424381;-0.158365878;0.161994721;0.005709061;0.084923973;0.051557551;-0.304073208;0.091717224;0.029783336;0.050226169;0.085188407;0.061631397;-0.015819007;0.231406781;
0.074033252;0.109663246;0.076726216;0.223732891;0.260793279;0.152734231;0.307131663;0.23063717;0.36931219;0.037717415;-0.056024381;-0.160442204;0.155704871;0.006504163;0.08070683;0.049382857;-0.305575249;0.095784571;0.028924561;0.050365178;0.084209706;0.063839677;-0.018574925;0.233869225;
0.079571211;0.110040083;0.075211114;0.226216156;0.263425116;0.150306476;0.305543558;0.228769415;0.370657497;0.036388435;-0.056050503;-0.162582102;0.148936218;0.007294367;0.07561132;0.047240816;-0.307145861;0.100634367;0.02809354;0.051049959;0.083773639;0.065558395;-0.021144721;0.236057595;
0.085216925;0.110327226;0.073518052;0.228385136;0.266109197;0.147658313;0.303405482;0.22636615;0.371584844;0.035417007;-0.056388463;-0.164869857;0.141776381;0.008187429;0.07009132;0.045232653;-0.308687085;0.106036816;0.027396397;0.052419755;0.083857498;0.066891922;-0.02382717;0.237783766;
0.090619374;0.110483144;0.07175642;0.230403095;0.268620218;0.144959537;0.300860876;0.223518803;0.372066476;0.034634966;-0.056919075;-0.167420265;0.134431184;0.009297633;0.064590912;0.043433469;-0.310153208;0.111711102;0.02688701;0.054565061;0.084397758;0.068006908;-0.026989619;0.238812899;
0.095476517;0.110480185;0.070063359;0.232365544;0.270745932;0.142438721;0.298080818;0.220294313;0.37211219;0.03384966;-0.057534585;-0.170375776;0.127227918;0.010703347;0.059474177;0.041882449;-0.311521371;0.117356;0.026578438;0.057510834;0.085307739;0.069100552;-0.03102717;0.238918916;
0.099572844;0.110301919;0.068574379;0.23427085;0.272324707;0.140344027;0.295247581;0.216731864;0.371782395;0.032878231;-0.058151728;-0.173869857;0.120557442;0.012437224;0.054969687;0.040587755;-0.312783412;0.122669469;0.026472316;0.061222554;0.086498537;0.07036236;-0.036266354;0.237940009;
0.102787537;0.109958858;0.067395603;0.235978605;0.273268381;0.138886068;0.292519185;0.21285268;0.371189741;0.031598231;-0.058718259;-0.177971184;0.114848054;0.014491102;0.051173769;0.039539592;-0.313913208;0.12741151;0.026583336;0.065618122;0.08789312;0.071938803;-0.042893293;0.235838977;
0.105091211;0.109484572;0.066590706;0.237274116;0.273568789;0.138205252;0.290003733;0.20868615;0.370487701;0.029981905;-0.059190095;-0.182636286;0.110443265;0.016825796;0.048055401;0.03872;-0.314840555;0.131442531;0.026945785;0.07057649;0.089425736;0.073915946;-0.050888395;0.232700474;
0.106514884;0.108939675;0.066184175;0.237981054;0.273291238;0.13834566;0.287758952;0.204284517;0.369839537;0.028099456;-0.059541116;-0.187674653;0.107552816;0.019392327;0.045505197;0.038109388;-0.315472391;0.134746204;0.027623336;0.075956082;0.091043992;0.076305333;-0.060039415;0.228715203;
0.107122231;0.108396205;0.066161318;0.238062687;0.272561442;0.139253415;0.285791721;0.199716354;0.369395456;0.026104354;-0.059763156;-0.192751592;0.106229061;0.022158041;0.043392544;0.037681633;-0.315694432;0.137422531;0.02867803;0.081608327;0.092701728;0.079053438;-0.069933293;0.224180939;
0.10697366;0.107944879;0.06648295;0.23763983;0.271527973;0.140796272;0.284072304;0.195056435;0.369263211;0.024220272;-0.059852952;-0.197431388;0.106365333;0.02511151;0.041624381;0.03739102;-0.31537933;0.139666612;0.03014252;0.087371592;0.094336607;0.082062534;-0.080005129;0.219448071;
0.106114884;0.107671919;0.067096828;0.237025952;0.270327973;0.142807701;0.282563267;0.190371048;0.369488517;0.022682313;-0.059812136;-0.20122751;0.107700844;0.028264163;0.040150095;0.037167347;-0.314430759;0.141710694;0.031993948;0.093082612;0.095866255;0.08521717;-0.089595333;0.214851099;
0.104567129;0.107657123;0.067955603;0.236666769;0.269064299;0.145119537;0.281236969;0.185693497;0.370048517;0.021693469;-0.059655401;-0.203730163;0.109933224;0.031648653;0.038956626;0.036920816;-0.31279484;0.143798041;0.03414252;0.09857649;0.097186032;0.088402476;-0.098073701;0.210620474;
0.10235815;0.107956205;0.069021726;0.237016156;0.267792463;0.147593007;0.280083733;0.181004517;0.370859946;0.021377823;-0.059389279;-0.204699551;0.112754449;0.035289469;0.038063565;0.036551837;-0.310453616;0.146109878;0.036426601;0.103680163;0.098172006;0.091519211;-0.104903088;0.206921813;
0.09954019;0.108601103;0.070247848;0.238405544;0.266518993;0.150135048;0.279124899;0.176224109;0.371805252;0.021732109;-0.05900234;-0.20411649;0.115919293;0.039183347;0.037508463;0.035973878;-0.307447902;0.148757633;0.038650275;0.108222204;0.098701877;0.094475946;-0.109712884;0.203861413;
0.096207946;0.10957743;0.071552338;0.240980238;0.265225932;0.152703211;0.278399768;0.171266068;0.372760354;0.022620816;-0.058468463;-0.202184755;0.11927581;0.043282939;0.037312544;0.035139592;-0.303869126;0.151782939;0.04062252;0.112054041;0.098690151;0.09718615;-0.112333293;0.201496629;
0.092506313;0.11083294;0.072825808;0.244642279;0.26389532;0.155295864;0.277959068;0.166086966;0.373620762;0.023808844;-0.057735401;-0.199296388;0.122760435;0.047483755;0.037464381;0.034052245;-0.299833208;0.155169061;0.042207826;0.115051592;0.098096904;0.099566558;-0.112929438;0.199830463;
0.088634884;0.112276205;0.073921318;0.249065136;0.262527156;0.157935864;0.277844899;0.160729252;0.374313007;0.025023693;-0.056729687;-0.195922918;0.126368599;0.051632327;0.037916626;0.032772245;-0.29548382;0.158845796;0.043353948;0.11714302;0.09696132;0.101532272;-0.111857692;0.198882875;
0.084809986;0.113796205;0.074649481;0.253786769;0.261154095;0.160650966;0.278085366;0.155331048;0.374807701;0.026020233;-0.055381116;-0.192530061;0.130140027;0.055558857;0.038594177;0.031392653;-0.290977698;0.162728245;0.044106601;0.118320163;0.095409112;0.102995129;-0.109611796;0.198635238;
0.081236517;0.115278654;0.074824175;0.258309218;0.259838177;0.163462395;0.278677785;0.15013268;0.375109741;0.026663965;-0.053637442;-0.189458633;0.134094313;0.059096816;0.039412136;0.029995102;-0.286448718;0.166702122;0.044593132;0.118628735;0.093627294;0.10388819;-0.106746127;0.199040136;
0.078073252;0.116638654;0.074311522;0.26216881;0.258647973;0.166379946;0.279596386;0.14543717;0.37525668;0.026974014;-0.051485605;-0.186889143;0.138210231;0.062128653;0.040300299;0.028622041;-0.282009534;0.17065151;0.044991499;0.118161796;0.091836252;0.104175537;-0.103833247;0.199967483;
0.075403864;0.117819062;0.073057644;0.26503085;0.257634095;0.169400354;0.280785307;0.141574313;0.375302395;0.027157959;-0.048979483;-0.184848327;0.142417578;0.064616816;0.041219483;0.027257143;-0.277741779;0.174453959;0.045479663;0.117053224;0.090258558;0.103862068;-0.101297147;0.201203401;
0.073225905;0.118805185;0.071126216;0.266705952;0.256807973;0.17251219;0.282183558;0.138785088;0.375310558;0.027567055;-0.04622683;-0.18324751;0.146608599;0.06660702;0.042169687;0.025797551;-0.273681371;0.177973959;0.046202928;0.115438531;0.089059428;0.102996762;-0.099436104;0.202476871;
0.071461823;0.119623144;0.068704991;0.267143503;0.256120626;0.175700762;0.283725482;0.137193905;0.375338313;0.028645617;-0.04337785;-0.181932;0.150670639;0.068215184;0.043183565;0.024088163;-0.269829942;0.181071102;0.047244561;0.113441796;0.088326366;0.101667782;-0.098193655;0.203505442;
0.06997815;0.120312123;0.066078052;0.266421871;0.255465932;0.178949741;0.285366765;0.136790313;0.375434639;0.030748785;-0.040620299;-0.180759347;0.154528599;0.069609469;0.044314993;0.02196898;-0.266169534;0.183632735;0.048614356;0.111165878;0.088061877;0.099982884;-0.097405129;0.203996871;
0.068619374;0.120893348;0.06359642;0.26470432;0.25469532;0.182242803;0.287079418;0.137433905;0.375614231;0.034089738;-0.038141932;-0.179638939;0.158167782;0.070961306;0.04561132;0.019314286;-0.26265933;0.185564163;0.050261703;0.108676082;0.088181993;0.098059619;-0.096815605;0.203724218;
0.067241415;0.121361919;0.061598052;0.262185136;0.253632463;0.185557088;0.288876153;0.138873905;0.375855864;0.038674383;-0.036094585;-0.178565061;0.161642068;0.072414367;0.047093769;0.016083265;-0.259265044;0.186809878;0.052096805;0.106005061;0.088550739;0.095997578;-0.096109302;0.202563401;
0.06573366;0.121648042;0.06032295;0.259087993;0.252096136;0.188863211;0.290806532;0.140826558;0.376104027;0.044285578;-0.034594177;-0.177597306;0.165059211;0.074051918;0.04873785;0.012359184;-0.255968718;0.187363347;0.054010275;0.103169143;0.089019078;0.093866966;-0.094965084;0.20049483;
0.064031211;0.121625185;0.059895195;0.255634932;0.249932871;0.192131782;0.292964549;0.143004517;0.376277088;0.050485306;-0.033699483;-0.176834857;0.168557986;0.075878857;0.050474993;0.008336327;-0.252775249;0.187265388;0.055899254;0.100169959;0.0894459;0.091705333;-0.09329039;0.197606667;
0.062115701;0.121129675;0.060304991;0.252026769;0.247025116;0.195339946;0.295466357;0.145184435;0.376280354;0.056753916;-0.033399075;-0.176367918;0.172265741;0.077828245;0.052208871;0.004305306;-0.249720555;0.186592735;0.057680479;0.097010776;0.089728815;0.089520844;-0.091028576;0.19407034;
0.060004272;0.119973756;0.061398869;0.248461054;0.243297769;0.198476272;0.298445949;0.147202068;0.376045252;0.062516249;-0.033621116;-0.176229143;0.176254313;0.079787429;0.053839891;0.00058449;-0.246869942;0.185445796;0.059280479;0.093709551;0.089819777;0.087292272;-0.088265265;0.190093197;
0.057735293;0.11799743;0.062943359;0.245140238;0.238727973;0.201553823;0.302005132;0.148935946;0.37554566;0.067293392;-0.034239891;-0.176369551;0.180520435;0.081616;0.055279891;-0.002563265;-0.244288718;0.183895592;0.060637214;0.090285878;0.089711323;0.084991864;-0.085107533;0.18588585;
0.055331823;0.11512845;0.064690297;0.242276565;0.233343483;0.204597088;0.306191255;0.150318803;0.374819129;0.070724995;-0.035088871;-0.176656898;0.184990639;0.08318498;0.056484789;-0.004968163;-0.242029126;0.181983755;0.061691907;0.086757714;0.089429107;0.082600027;-0.081685537;0.181657279;
0.052789782;0.111387226;0.066414379;0.240093707;0.227219401;0.207635456;0.310965132;0.151335946;0.373973415;0.072604645;-0.035994993;-0.176869143;0.189537578;0.084407837;0.05745132;-0.006582857;-0.240100963;0.179711102;0.062384152;0.083146286;0.089017911;0.080123293;-0.078141093;0.177574014;
0.050069374;0.106915389;0.067957236;0.238821871;0.220491238;0.210685252;0.316186357;0.151998803;0.373163619;0.072892925;-0.036793361;-0.17675649;0.194022476;0.085253551;0.058199075;-0.007506939;-0.238450351;0.177018041;0.062656805;0.079469551;0.088519486;0.077600844;-0.07460581;0.173747075;
0.047095497;0.101966001;0.069240501;0.238656973;0.213340218;0.213726884;0.321613296;0.152346558;0.37256117;0.071723946;-0.037358259;-0.176101796;0.198342476;0.085749878;0.058752544;-0.007934694;-0.23694831;0.17378049;0.062470683;0.075737306;0.087965084;0.075109415;-0.071126444;0.170235238;
0.04378951;0.096854981;0.070259277;0.239731259;0.205980218;0.216693415;0.326942275;0.152439619;0.372317905;0.069295491;-0.037637442;-0.174774449;0.202460027;0.085978449;0.059126422;-0.008093061;-0.235402187;0.169848245;0.061807826;0.071965878;0.08737453;0.072751864;-0.067802726;0.167059728;
0.040143374;0.091921919;0.071083767;0.242039286;0.198654503;0.219481986;0.331845132;0.152351456;0.372517088;0.065875549;-0.037657034;-0.17278751;0.206407782;0.086053551;0.059299483;-0.008192653;-0.233585044;0.165102939;0.060686193;0.068181388;0.086752955;0.070637578;-0.064802726;0.164209116;
0.03622332;0.08746396;0.071820093;0.245423231;0.191607973;0.221948925;0.336037785;0.152178395;0.373155456;0.061754266;-0.037510095;-0.170322204;0.210272272;0.086099265;0.059226014;-0.008372245;-0.231279738;0.159537224;0.059159663;0.06441649;0.086097328;0.068849823;-0.062330209;0.161657279;
0.032221279;0.083669675;0.072569481;0.249543503;0.185044707;0.223937497;0.33933901;0.15202166;0.374144844;0.057235782;-0.03734683;-0.167692;0.214157986;0.086228245;0.058839075;-0.008672653;-0.228319738;0.153272735;0.057313132;0.060716898;0.085404617;0.067424517;-0.060582816;0.159361769;
0.028454884;0.080601103;0.073421726;0.253934796;0.179121442;0.225308925;0.341701459;0.151975946;0.375315456;0.052607211;-0.037332136;-0.165309959;0.21814819;0.086517224;0.058073361;-0.009041633;-0.224638106;0.146582939;0.055249459;0.057141388;0.084666891;0.066332272;-0.059710571;0.157283401;
0.025337741;0.078189266;0.074438869;0.258043639;0.17392634;0.225960354;0.343219826;0.152119619;0.376458313;0.048110884;-0.037606422;-0.163590776;0.222270639;0.086998857;0.056896218;-0.009351837;-0.220290351;0.139889878;0.053074765;0.053752;0.083875288;0.065475129;-0.059782181;0.155378095;
0.023279728;0.076250491;0.075622542;0.261362823;0.169467565;0.225844435;0.344106357;0.152513088;0.377387293;0.043914966;-0.038254585;-0.16283649;0.226479619;0.087663347;0.055325605;-0.009456327;-0.215441371;0.133693143;0.050880479;0.050610776;0.08302071;0.064702884;-0.060712794;0.15358381;
0.022609034;0.07456396;0.076920501;0.26352119;0.16568634;0.224988925;0.344636969;0.153187374;0.378091752;0.040125578;-0.039283156;-0.163195673;0.230662476;0.088466612;0.05342683;-0.009240816;-0.210344228;0.128493959;0.048735173;0.047773224;0.082089632;0.063844109;-0.0622659;0.151815646;
0.023432871;0.072951171;0.078231522;0.264387585;0.162471646;0.223485252;0.345090847;0.154150639;0.378607956;0.036770476;-0.040617034;-0.164637306;0.234667374;0.08934498;0.051323973;-0.008644898;-0.205294432;0.124680082;0.04667803;0.045275265;0.081066425;0.062743701;-0.064055243;0.149991973;
0.025653796;0.071335933;0.079426624;0.26406051;0.159684707;0.221483619;0.34570799;0.155376762;0.379028874;0.033813741;-0.042123973;-0.166939347;0.238334313;0.090238041;0.049178667;-0.007676735;-0.200576065;0.12245151;0.04472701;0.043138122;0.079948757;0.061300435;-0.065623179;0.148037687;
0.028949102;0.069770083;0.080380093;0.262879558;0.157209605;0.21917668;0.346658194;0.156803701;0.379491119;0.031165578;-0.043634177;-0.169760571;0.241527782;0.091095184;0.047160707;-0.006409796;-0.196424228;0.121804163;0.042888642;0.041361796;0.078753422;0.059486558;-0.066524313;0.14590381;
0.032825565;0.068438382;0.080995603;0.261311667;0.154958177;0.21677015;0.348036153;0.158338395;0.380150456;0.028713333;-0.044972952;-0.172732;0.244162884;0.091883755;0.045423565;-0.004946939;-0.192998922;0.122513551;0.041166193;0.039920163;0.077530331;0.057351048;-0.066408485;0.143587075;
0.036697401;0.067625865;0.081230706;0.259856429;0.152873279;0.214458313;0.349866357;0.159866558;0.381027548;0.026355782;-0.045994993;-0.175514041;0.246213497;0.092593959;0.044078259;-0.00338449;-0.19036382;0.124152735;0.039566193;0.038764245;0.076373713;0.055013088;-0.065072113;0.141147891;
0.04007751;0.067631851;0.081136012;0.258927449;0.150948381;0.212402803;0.352134112;0.161251048;0.382105507;0.024029252;-0.04660234;-0.177863429;0.247700844;0.093230694;0.043175401;-0.00178449;-0.188505861;0.126231918;0.038103336;0.037827102;0.075418611;0.052629415;-0.062530435;0.138697279;
0.042624612;0.068669675;0.080829073;0.25877398;0.14920634;0.210698313;0.354798602;0.162364517;0.38308016;0.021712517;-0.046750912;-0.179649551;0.248678803;0.093803755;0.042701932;-0.000153469;-0.187343412;0.128259673;0.036792316;0.037020571;0.074829223;0.050358395;-0.058979007;0.136374014;
0.044201061;0.070781239;0.08045642;0.259446497;0.147660626;0.209368517;0.357804724;0.163107374;0.383659639;0.019428027;-0.046450095;-0.180847102;0.249211864;0.094329061;0.042580707;0.001562041;-0.186740146;0.129824163;0.035644969;0.036252408;0.07477243;0.048335537;-0.054753973;0.134307075;
0.044839884;0.073815797;0.080175093;0.260836259;0.146317871;0.208367497;0.361083194;0.163417578;0.383556221;0.017227517;-0.045749993;-0.181519143;0.249365946;0.094817939;0.042689177;0.003446429;-0.186537493;0.130648755;0.034660989;0.035440776;0.075378057;0.046652272;-0.050268905;0.132596054;
0.044748073;0.077495253;0.080119762;0.262708291;0.145176978;0.207607241;0.364544546;0.163286966;0.382560073;0.015187083;-0.044742213;-0.181781643;0.24921365;0.095275158;0.042899866;0.005555383;-0.186591932;0.130620515;0.03383428;0.034539296;0.076687744;0.045342884;-0.045917706;0.131289932;
0.044188677;0.081392396;0.080352151;0.264768384;0.144202378;0.206967735;0.368070149;0.162753088;0.380514486;0.013370425;-0.043526643;-0.18174734;0.248813939;0.095704861;0.043086847;0.007930561;-0.186756779;0.129748228;0.033135088;0.033526728;0.078672387;0.044394313;-0.042062459;0.130378912;
0.04345759;0.08513752;0.080842592;0.266751781;0.143416908;0.206417834;0.371432605;0.161967238;0.377846055;0.011857793;-0.042281267;-0.181547048;0.248284208;0.096085364;0.043208665;0.0103748;-0.186961073;0.128344709;0.032579227;0.032480637;0.081035695;0.043757578;-0.038882495;0.129804218;
0.042723415;0.08837333;0.081539855;0.268480429;0.142757774;0.205862443;0.374540532;0.161009197;0.374665764;0.010640839;-0.041065347;-0.181255759;0.247663225;0.09641658;0.043200072;0.012879152;-0.187124594;0.126555343;0.032117256;0.03141798;0.083653868;0.043364109;-0.036482374;0.129484218;
0.042081669;0.090835507;0.082333884;0.269848586;0.142154672;0.205251469;0.377289523;0.159969197;0.37122861;0.009689443;-0.039919733;-0.180928382;0.246986588;0.0967106;0.043037085;0.015383062;-0.187185321;0.124554555;0.031700201;0.030377823;0.086352299;0.043143701;-0.034883447;0.129332381;
0.041726904;0.092256343;0.082800944;0.27060644;0.141845857;0.204935362;0.378815492;0.159384127;0.369253933;0.009185665;-0.039288074;-0.180742201;0.246607818;0.096867931;0.042950563;0.016768062;-0.187230129;0.123423361;0.031490494;0.029795188;0.087874308;0.043045469;-0.03401548;0.129277959;
0.041470471;0.093316751;0.083299543;0.271193579;0.141561373;0.204583385;0.380175136;0.158795886;0.367235986;0.008792519;-0.038715894;-0.180554405;0.246226396;0.097006623;0.042802717;0.018114062;-0.187232574;0.122280119;0.03129962;0.029239213;0.089369978;0.042994803;-0.033444754;0.129261197;
0.041294527;0.093987364;0.083766236;0.271607456;0.14129853;0.204216936;0.381305985;0.158253524;0.365359021;0.008496952;-0.03822749;-0.180380835;0.245870425;0.097124349;0.042616351;0.019340071;-0.187192046;0.121214854;0.031123799;0.02874534;0.090727501;0.042973088;-0.033138442;0.129258912;
